No,Z,u1,v1,u2,v2,u3,v3,u4,v4,pos1,pos2,pos3,pos4,pos5,pos6,vel1,vel2,vel3,vel4,vel5,vel6,err1,err2,err3,err4,err5,err6,err7,err8,speed1,speed2,speed3,speed4,speed5,speed6,cmdspeed1,cmdspeed2,cmdspeed3,cmdspeed4,cmdspeed5,cmdspeed6,time,normErr
1,337,147,175,147,204,179,175,179,204,0,0.523599,0.610865,0,1.8326,0,600,600,600,600,600,0,87,155,87,7,-66,155,-66,7,0.00244545,0.214357,-0.656655,0.000596361,0.330385,-0.00107005,600,80129,-596132,-95,52929,142,127,309.797
2,337,147,175,147,204,179,175,179,204,0,0.523599,0.610865,0,1.83218,0,600,600,600,600,600,0,87,155,87,7,-66,155,-66,7,0.00244505,0.214365,-0.656647,0.000596897,0.330369,-0.0010703,600,80132,-596124,-95,52926,142,126,309.797
3,342,147,175,147,204,178,175,178,204,0,0.523599,0.610533,0,1.83469,0,95,95,95,95,95,0,87,155,87,7,-67,155,-67,7,0.000390275,0.264948,-0.644792,0.000292782,0.332606,-0.000817582,95,99041,-585363,-46,53285,109,127,310.226
4,342,147,175,147,204,178,175,178,204,0,0.545769,0.606615,0,1.87197,0.00125664,100,100,100,100,100,0,87,155,87,7,-67,155,-67,7,0.000409733,0.268913,-0.647054,0.000241172,0.330902,-0.000817396,100,100523,-587416,-38,53012,109,128,310.226
5,342,148,165,148,195,179,165,179,195,0,0.568389,0.595601,0,1.9147,0.00125664,-508,-508,-508,-508,-508,0,88,145,88,-2,-66,145,-66,-2,-0.00206994,0.310486,-0.584992,-3.93E-05,0.30046,-0.000951896,-508,116063,-531074,6,48135,127,128,295.43
6,342,148,165,148,195,179,165,179,195,0,0.602049,0.581149,0,1.95344,0.00125664,-515,-515,-515,-515,-515,0,88,145,88,-2,-66,145,-66,-2,-0.00209982,0.310503,-0.575484,-9.83E-05,0.290935,-0.00100149,-515,116070,-522442,15,46609,133,128,295.43
7,342,150,150,150,180,181,150,181,180,0,0.645403,0.563889,0,1.99177,0.00125664,-984,-984,-984,-984,-984,0,90,130,90,-17,-64,130,-64,-17,-0.00400771,0.31564,-0.557769,-0.000286942,0.272865,-0.00151111,-984,117990,-506360,45,43714,201,128,274.556
8,332,151,135,151,166,184,135,184,166,0,0.685077,0.542157,0,2.03177,0.00125664,1545,1545,1545,1545,1545,0,91,115,91,-31,-61,115,-61,-31,0.0062922,0.250355,-0.577663,0.0002343,0.271978,-0.00185899,1545,93585,-524420,-37,43572,248,127,254.244
9,332,153,120,153,153,186,120,186,153,0,0.7252,0.517246,0,2.06528,0.00125664,-10105,-10105,-10105,-10105,-10105,0,93,100,93,-44,-59,100,-59,-44,-0.0411371,0.337272,-0.34795,-0.0021337,0.159264,-0.00319597,-10105,120000,-315879,341,25514,426,128,237.057
10,332,153,120,153,153,186,120,186,153,0,0.757065,0.487788,0,2.10026,0.00125664,-10328,-10328,-10328,-10328,-10328,0,93,100,93,-44,-59,100,-59,-44,-0.0420446,0.334016,-0.331704,-0.00248162,0.146274,-0.0042538,-10328,120000,-301131,397,23433,567,127,237.057
11,323,154,107,154,141,189,107,189,141,-0.000136591,0.796379,0.455855,0,2.12016,0.00125664,-6501,-6501,-6501,-6501,-6501,0,94,87,94,-56,-56,87,-56,-56,-0.026466,0.267705,-0.386745,-0.00152616,0.167709,-0.00372219,-6501,100071,-351099,244,26867,496,128,223.13
12,328,156,99,156,133,190,99,190,133,-0.000409774,0.838028,0.419856,-0.00020944,2.14194,0.00125664,-27360,-27360,-27360,-27360,-27360,0,96,79,96,-64,-55,79,-55,-64,-0.111382,0.340551,-0.35835,-0.0051507,0.142279,-0.0122601,-27360,120000,-325321,825,22793,1636,129,217.488
13,323,157,94,157,129,192,94,192,129,-0.000409774,0.876176,0.379976,-0.00020944,2.16121,0.00125664,-31416,-31416,-31416,-31416,-31416,0,97,74,97,-68,-53,74,-53,-68,-0.127892,0.324186,-0.381419,-0.00584536,0.148596,-0.0151011,-31416,120000,-346264,936,23805,2016,131,213.279
14,319,158,91,158,127,194,91,194,127,-0.000546365,0.918722,0.336326,-0.00020944,2.16896,0.00125664,32427,32427,32427,32427,32427,0,98,71,98,-70,-51,71,-51,-70,-0.134784,0.30695,-0.385634,-0.00642438,0.146095,-0.0176586,-33109,114742,-350090,1029,23405,2357,127,210.791
15,314,158,90,158,127,195,90,195,127,-0.00601002,0.960999,0.289905,0.00083776,2.1744,0.00125664,-32290,-32290,-32290,-32290,-32290,0,98,70,98,-70,-50,70,-50,-70,-0.131448,0.287548,-0.359278,-0.00709586,0.131042,-0.0192205,-32290,107489,-326163,1136,20993,2566,128,209.304
16,314,158,90,158,127,195,90,195,127,-0.0270451,0.999237,0.240452,0.00879648,2.17922,0.00125664,31894,31894,31894,31894,31894,0,98,70,98,-70,-50,70,-50,-70,-0.136952,0.284006,-0.344397,-0.00964064,0.119832,-0.0249194,-33642,106165,-312654,1544,19197,3326,128,209.304
17,310,156,93,156,130,194,93,194,130,-0.0420701,1.03568,0.193291,0.0136136,2.1832,0.00125664,-13279,-13279,-13279,-13279,-13279,0,96,73,96,-67,-51,73,-51,-67,-0.0540604,0.225453,-0.297954,-0.00576685,0.10311,-0.0154858,-13279,84277,-270492,923,16518,2067,131,210.024
18,310,156,96,156,134,194,96,194,134,-0.0566854,1.07113,0.147793,0.0148702,2.18592,0.00100531,-27972,-27972,-27972,-27972,-27972,0,96,76,96,-63,-51,76,-51,-63,-0.113873,0.263162,-0.244251,-0.0147154,0.0706421,-0.0295699,-27972,98373,-221739,2357,11317,3947,128,211.969
19,305,152,98,152,136,191,98,191,136,-0.0673395,1.10201,0.106583,0.0148702,2.18802,0.00100531,-10827,-10827,-10827,-10827,-10827,0,92,78,92,-61,-54,78,-54,-61,-0.0440775,0.21001,-0.244291,-0.00804934,0.0759803,-0.0183289,-10827,78504,-221775,1289,12172,2446,128,211.502
20,301,149,101,149,140,189,101,189,140,-0.0885112,1.1398,0.0695121,0.0148702,2.18927,0.000251328,-9056,-9056,-9056,-9056,-9056,0,89,81,89,-57,-56,81,-56,-57,-0.0368667,0.198557,-0.214014,-0.00989751,0.0614205,-0.0200062,-9056,74223,-194288,1585,9839,2670,127,212.24
21,301,149,101,149,140,189,101,189,140,-0.0923357,1.16404,0.0352872,0.0148702,2.19053,-0.000753984,-9337,-9337,-9337,-9337,-9337,0,89,81,89,-57,-56,81,-56,-57,-0.0380116,0.198729,-0.209733,-0.0103449,0.0569672,-0.0214721,-9337,74287,-190402,1657,9126,2866,127,212.24
22,301,145,100,145,141,185,100,185,141,-0.0968432,1.18863,0.00520172,0.0148702,2.19116,-0.00226195,-14546,-14546,-14546,-14546,-14546,0,85,80,85,-56,-60,80,-60,-56,-0.0592179,0.236227,-0.0495571,-0.0259448,-0.0215819,-0.0295514,-14546,88304,-44989,4156,-3457,3945,129,209.728
23,292,144,103,144,144,186,103,186,144,-0.101351,1.22014,-0.02189,0.0148702,2.19199,-0.0062832,-6286,-6286,-6286,-6286,-6286,0,84,83,84,-53,-59,83,-59,-53,-0.0255926,0.177882,-0.16967,-0.0102971,0.0392804,-0.0192797,-6286,66494,-154031,1649,6292,2573,128,211.069
24,292,142,104,142,147,184,104,184,147,-0.109546,1.24338,-0.0460988,0.0148702,2.1922,-0.00980179,-8031,-8031,-8031,-8031,-8031,0,82,84,82,-50,-61,84,-61,-50,-0.0326936,0.205369,-0.0194287,-0.0255894,-0.030487,-0.0248444,-8031,76769,-17637,4099,-4884,3316,130,211.088
25,292,142,104,142,147,184,104,184,147,-0.111732,1.27525,-0.0677943,0.0148702,2.19262,-0.0118124,-8271,-8271,-8271,-8271,-8271,0,82,84,82,-50,-61,84,-61,-50,-0.0336719,0.205003,-0.0122103,-0.0265049,-0.0373644,-0.0261106,-8271,76632,-11084,4246,-5985,3485,127,211.088
26,288,140,104,140,147,183,104,183,147,-0.115829,1.29769,-0.0861634,0.0146608,2.19262,-0.0155823,-4854,-4854,-4854,-4854,-4854,0,80,84,80,-50,-62,84,-62,-50,-0.0197629,0.179509,-0.0715093,-0.018417,-0.00864914,-0.0212159,-4854,67102,-64918,2950,-1385,2832,127,210.133
27,284,139,103,139,147,183,103,183,147,-0.117742,1.32291,-0.101761,0.0144514,2.19262,-0.0178443,-4164,-4164,-4164,-4164,-4164,0,79,83,79,-50,-62,83,-62,-50,-0.0169551,0.169642,-0.0645565,-0.0177582,-0.0109031,-0.0201451,-4164,63414,-58606,2844,-1746,2689,130,208.175
28,275,138,101,138,146,184,101,184,146,-0.119791,1.35029,-0.112996,0.0142419,2.19262,-0.0226195,-3865,-3865,-3865,-3865,-3865,0,78,81,78,-51,-61,81,-61,-51,-0.0157346,0.147056,-0.117046,-0.0108973,0.0133039,-0.0180205,-3865,54971,-106258,1745,2131,2405,128,204.68
29,267,137,99,137,146,185,99,185,146,-0.121156,1.36645,-0.121645,0.0136136,2.19262,-0.0253841,-3630,-3630,-3630,-3630,-3630,0,77,79,77,-51,-60,79,-60,-51,-0.0147775,0.134572,-0.105409,-0.010334,0.0110321,-0.016888,-3630,50304,-95693,1655,1767,2254,128,200.953
30,267,137,96,137,144,185,96,185,144,-0.122932,1.38853,-0.13325,0.0129853,2.19262,-0.0273948,-3908,-3908,-3908,-3908,-3908,0,77,76,77,-53,-60,76,-60,-53,-0.015909,0.137711,-0.0574242,-0.015016,-0.00930077,-0.0179529,-3908,51478,-52131,2405,-1490,2396,129,197.977
31,267,137,96,137,144,185,96,185,144,-0.124571,1.40468,-0.147073,0.0117286,2.19262,-0.031416,-3998,-3998,-3998,-3998,-3998,0,77,76,77,-53,-60,76,-60,-53,-0.0162773,0.138157,-0.0556058,-0.0153265,-0.011593,-0.0184334,-3998,51644,-50480,2455,-1857,2460,127,197.977
32,263,136,94,136,143,185,94,185,143,-0.125254,1.42075,-0.156794,0.0111003,2.19241,-0.0319187,-3363,-3363,-3363,-3363,-3363,0,76,74,76,-54,-60,74,-60,-54,-0.0136914,0.130465,-0.0549509,-0.0141829,-0.0107749,-0.0171745,-3363,48769,-49886,2272,-1726,2292,127,195.182
33,263,136,94,136,144,185,94,185,144,-0.127303,1.44472,-0.164334,0.010472,2.19241,-0.0334266,-3325,-3325,-3325,-3325,-3325,0,76,74,76,-53,-60,74,-60,-53,-0.0135372,0.131051,-0.00863062,-0.0185564,-0.029246,-0.0176352,-3325,48988,-7835,2972,-4685,2354,129,194.908
34,251,134,90,134,142,186,90,186,142,-0.129215,1.45432,-0.171097,0.0083776,2.19179,-0.0366939,-2657,-2657,-2657,-2657,-2657,0,74,70,74,-55,-59,70,-59,-55,-0.0108174,0.112115,-0.05369,-0.0120281,-0.00779487,-0.0151249,-2657,41910,-48741,1926,-1248,2019,128,188.783
35,251,134,90,134,142,186,90,186,142,-0.131674,1.47335,-0.17557,0.00607376,2.19137,-0.0387045,-2746,-2746,-2746,-2746,-2746,0,74,70,74,-55,-59,70,-59,-55,-0.0111803,0.112084,-0.0513802,-0.0124561,-0.0101155,-0.0155267,-2746,41898,-46644,1995,-1620,2072,127,188.783
36,251,134,88,134,141,186,88,186,141,-0.133996,1.49067,-0.182112,0.00376992,2.19053,-0.0409665,-2586,-2586,-2586,-2586,-2586,0,74,68,74,-56,-59,68,-59,-56,-0.0105303,0.110585,-0.0250536,-0.0147698,-0.0197986,-0.0154053,-2586,41338,-22744,2366,-3171,2056,128,186.874
37,239,131,84,131,138,186,84,186,138,-0.136182,1.501,-0.188136,0.00062832,2.19011,-0.0444851,-2023,-2023,-2023,-2023,-2023,0,71,64,71,-59,-59,64,-59,-59,-0.00823924,0.0980047,-0.0790606,-0.00775186,0.000451497,-0.013774,-2023,36635,-71773,1241,72,1838,129,181.144
38,239,130,83,130,137,185,83,185,137,-0.138094,1.51491,-0.192497,-0.00125664,2.18948,-0.0454904,-1483,-1483,-1483,-1483,-1483,0,70,63,70,-60,-60,63,-60,-60,-0.00603795,0.0971472,-0.078778,-0.00745687,-0.000568167,-0.0132643,-1483,36314,-71517,1194,-91,1770,127,180.297
39,235,129,79,129,135,185,79,185,135,-0.140416,1.53403,-0.198817,-0.00251328,2.18927,-0.046747,48,48,48,48,48,0,69,59,69,-62,-60,59,-60,-62,0.000198467,0.0889638,-0.0647194,-0.0071254,-0.00395484,-0.0110425,48,33255,-58754,1141,-633,1474,128,176.094
40,224,127,76,127,133,186,76,186,133,-0.140416,1.53887,-0.207947,-0.00335104,2.18927,-0.0480036,-2114,-2114,-2114,-2114,-2114,0,67,56,67,-64,-59,56,-59,-64,-0.00860589,0.0857242,-0.0852939,-0.00525833,0.00216386,-0.0128355,-2114,32044,-77432,842,346,1713,128,171.593
41,220,126,76,126,134,186,76,186,134,-0.140416,1.55027,-0.217408,-0.0041888,2.18906,-0.0485063,-1915,-1915,-1915,-1915,-1915,0,66,56,66,-63,-59,56,-59,-63,-0.00779623,0.0820666,-0.0802503,-0.00509036,0.00107214,-0.0122412,-1915,30677,-72853,815,171,1634,130,170.444
42,220,126,76,126,134,186,76,186,134,-0.140416,1.56347,-0.228053,-0.00460768,2.18885,-0.0520249,-1939,-1939,-1939,-1939,-1939,0,66,56,66,-63,-59,56,-59,-63,-0.00789435,0.0824135,-0.0794742,-0.00515785,-5.56E-05,-0.0123569,-1939,30807,-72149,826,-8,1649,128,170.444
43,220,126,75,126,134,186,75,186,134,-0.140416,1.57765,-0.238032,-0.00502656,2.18885,-0.0542868,-660,-660,-660,-660,-660,0,66,55,66,-63,-59,55,-59,-63,-0.00268983,0.0788509,-0.069491,-0.00515283,-0.00254571,-0.0108105,-660,29475,-63086,825,-407,1443,130,169.464
44,213,125,74,125,134,187,74,187,134,-0.146016,1.58357,-0.248344,-0.005236,2.18885,-0.0560461,-1887,-1887,-1887,-1887,-1887,0,65,54,65,-63,-58,54,-58,-63,-0.00768308,0.0766059,-0.0727034,-0.00498967,-0.00159124,-0.012101,-1887,28636,-66002,799,-254,1615,128,167.018
45,213,125,74,125,134,187,74,187,134,-0.146562,1.593,-0.25799,-0.00565488,2.18864,-0.0568001,-1916,-1916,-1916,-1916,-1916,0,65,54,65,-63,-58,54,-58,-63,-0.00780205,0.076894,-0.0722356,-0.00503642,-0.00235208,-0.0122348,-1916,28743,-65577,806,-376,1633,127,167.018
46,213,123,73,123,135,185,73,185,135,-0.146562,1.60341,-0.266824,-0.00586432,2.18864,-0.0595647,1704,1704,1704,1704,1704,0,63,53,63,-62,-60,53,-60,-62,0.00693769,0.0673107,-0.0541208,-0.00418669,-0.00459333,-0.0076411,1704,25161,-49132,670,-735,1020,128,165.557
47,213,123,74,123,135,185,74,185,135,-0.146562,1.61993,-0.275953,-0.00607376,2.18864,-0.0600674,163,163,163,163,163,0,63,54,63,-62,-60,54,-60,-62,0.000665663,0.071897,-0.0604043,-0.00462038,-0.00526626,-0.00950754,163,26876,-54836,740,-843,1269,130,166.523
48,206,122,72,122,135,186,72,186,135,-0.146562,1.62109,-0.283234,-0.00649264,2.18864,-0.06057,79,79,79,79,79,0,62,52,62,-62,-59,52,-59,-62,0.000324421,0.0665306,-0.0574757,-0.00417879,-0.00456331,-0.00914014,79,24870,-52178,669,-731,1220,129,163.113
49,206,122,73,122,136,186,73,186,136,-0.146562,1.63187,-0.290959,-0.00691152,2.18864,-0.062078,93,93,93,93,93,0,62,53,62,-61,-59,53,-59,-61,0.000380983,0.0665709,-0.0552999,-0.00436174,-0.00550796,-0.00907993,93,24885,-50203,698,-882,1212,126,163.701
50,206,122,73,122,136,186,73,186,136,-0.146562,1.63851,-0.298536,-0.0073304,2.18864,-0.0625807,93,93,93,93,93,0,62,53,62,-61,-59,53,-59,-61,0.000380579,0.0667357,-0.054995,-0.00435028,-0.00598071,-0.00907232,93,24946,-49926,696,-958,1211,129,163.701
51,206,122,72,122,136,186,72,186,136,-0.146562,1.64874,-0.305484,-0.00774928,2.18843,-0.063586,1494,1494,1494,1494,1494,0,62,52,62,-61,-59,52,-59,-61,0.00608527,0.0629329,-0.0481913,-0.00393755,-0.00692557,-0.00720111,1494,23525,-43749,630,-1109,961,129,162.736
52,202,121,71,121,136,186,71,186,136,-0.146562,1.66409,-0.312063,-0.00816816,2.18843,-0.0640886,1697,1697,1697,1697,1697,0,61,51,61,-61,-59,51,-59,-61,0.00690917,0.0599432,-0.0461872,-0.00357452,-0.00723619,-0.00664075,1697,22407,-41930,572,-1159,886,129,161.022
53,195,121,69,121,135,188,69,188,135,-0.146562,1.66562,-0.318531,-0.00921536,2.18802,-0.0660993,-205,-205,-205,-205,-205,0,61,49,61,-62,-57,49,-57,-62,-0.000837593,0.060222,-0.0514388,-0.00377466,-0.00651486,-0.00877104,-205,22511,-46697,604,-1043,1170,128,158.073
54,192,120,69,120,136,188,69,188,136,-0.146562,1.67387,-0.324666,-0.0113098,2.18718,-0.0671046,-25,-25,-25,-25,-25,0,60,49,60,-61,-57,49,-57,-61,-0.000101995,0.0576033,-0.0481244,-0.00364458,-0.00675219,-0.00825879,-25,21532,-43688,583,-1081,1102,129,156.914
55,189,119,68,119,136,188,68,188,136,-0.146562,1.6798,-0.331208,-0.0127758,2.18676,-0.0681099,125,125,125,125,125,0,59,48,59,-61,-57,48,-57,-61,0.000510881,0.0552616,-0.0464331,-0.00337378,-0.00675136,-0.00783532,125,20657,-42153,540,-1081,1046,126,155.219
56,189,119,68,119,136,188,68,188,136,-0.146562,1.6868,-0.337639,-0.013823,2.18676,-0.0696179,126,126,126,126,126,0,59,48,59,-61,-57,48,-57,-61,0.000516957,0.0554072,-0.0461644,-0.00336602,-0.00717228,-0.00781318,126,20711,-41909,539,-1149,1043,129,155.219
57,192,119,68,119,136,187,68,187,136,-0.146562,1.69506,-0.343516,-0.0144514,2.18634,-0.0703718,1601,1601,1601,1601,1601,0,59,48,59,-61,-58,48,-58,-61,0.00652064,0.0537474,-0.0428982,-0.00284935,-0.00763589,-0.00607462,1601,20091,-38944,456,-1223,810,129,155.958
58,185,118,67,118,136,188,67,188,136,-0.146562,1.70816,-0.349282,-0.0148702,2.18634,-0.0726338,279,279,279,279,279,0,58,47,58,-61,-57,47,-57,-61,0.00113881,0.0530624,-0.0436353,-0.00314972,-0.00795786,-0.007347,279,19835,-39613,504,-1274,980,128,153.538
59,179,117,64,117,135,189,64,189,135,-0.146562,1.70906,-0.355121,-0.0154986,2.18613,-0.0741418,182,182,182,182,182,0,57,44,57,-62,-56,44,-56,-62,0.000743604,0.0495784,-0.0427285,-0.00274542,-0.00742605,-0.00714827,182,18533,-38790,439,-1189,954,129,149.74
60,179,117,64,117,135,189,64,189,135,-0.146562,1.71552,-0.360481,-0.0159174,2.18592,-0.0743931,184,184,184,184,184,0,57,44,57,-62,-56,44,-56,-62,0.000752294,0.0496997,-0.0425064,-0.00274103,-0.00777177,-0.00712818,184,18578,-38588,439,-1245,951,127,149.74
61,179,117,65,117,136,189,65,189,136,-0.146562,1.72207,-0.365951,-0.0163363,2.18571,-0.0743931,204,204,204,204,204,0,57,45,57,-61,-56,45,-56,-61,0.000831462,0.0496075,-0.0411115,-0.0028559,-0.00810651,-0.00705902,204,18543,-37322,457,-1298,942,129,150.22
62,179,117,64,117,136,189,64,189,136,-0.146562,1.72746,-0.371347,-0.0167552,2.18529,-0.0748957,1164,1164,1164,1164,1164,0,57,44,57,-61,-56,44,-56,-61,0.00474075,0.0470814,-0.0392131,-0.00232681,-0.0079504,-0.00591305,1164,17599,-35598,372,-1273,789,128,149.328
63,172,115,64,115,136,189,64,189,136,-0.146562,1.73455,-0.376595,-0.0184307,2.18466,-0.076655,-568,-568,-568,-568,-568,0,55,44,55,-61,-56,44,-56,-61,-0.00231495,0.048069,-0.0397094,-0.00294132,-0.00847324,-0.00744873,-568,17968,-36049,471,-1357,994,129,147.821
64,172,115,64,115,136,189,64,189,136,-0.146562,1.74263,-0.381991,-0.0188496,2.18466,-0.0771577,-572,-572,-572,-572,-572,0,55,44,55,-61,-56,44,-56,-61,-0.00233031,0.0482274,-0.0394509,-0.00295995,-0.00889302,-0.00745755,-572,18028,-35814,474,-1424,995,128,147.821
65,172,115,63,115,136,189,63,189,136,-0.146562,1.75277,-0.386981,-0.0196874,2.18425,-0.077409,452,452,452,452,452,0,55,43,55,-61,-56,43,-56,-61,0.00184406,0.0456245,-0.0372906,-0.00244196,-0.00888643,-0.00626608,452,17055,-33853,391,-1423,836,128,146.935
66,166,114,62,114,136,190,62,190,136,-0.146562,1.75331,-0.392266,-0.0201062,2.18425,-0.078163,-525,-525,-525,-525,-525,0,54,42,54,-61,-55,42,-55,-61,-0.00214119,0.0447899,-0.0365738,-0.00271326,-0.00881894,-0.00702095,-525,16743,-33202,434,-1412,937,128,144.551
67,166,114,61,114,136,190,61,190,136,-0.146562,1.75986,-0.396923,-0.0205251,2.18404,-0.078917,369,369,369,369,369,0,54,41,54,-61,-55,41,-55,-61,0.00150225,0.0425283,-0.0352261,-0.00222771,-0.00866651,-0.00606403,369,15897,-31979,356,-1388,809,129,143.687
68,169,114,61,114,136,189,61,189,136,-0.146562,1.76444,-0.401913,-0.020944,2.18383,-0.0819329,1523,1523,1523,1523,1523,0,54,41,54,-61,-56,41,-56,-61,0.00620154,0.0413509,-0.034697,-0.00164571,-0.00856911,-0.00482616,1523,15457,-31499,263,-1372,644,131,144.458
69,166,114,61,114,136,190,61,190,136,-0.146562,1.76983,-0.405904,-0.0211534,2.18383,-0.0824356,374,374,374,374,374,0,54,41,54,-61,-55,41,-55,-61,0.00152369,0.0427074,-0.0349427,-0.002211,-0.00913163,-0.00602038,374,15964,-31722,354,-1462,803,128,143.687
70,166,114,61,114,136,190,61,190,136,-0.146562,1.77485,-0.410931,-0.0215723,2.18362,-0.0831896,376,376,376,376,376,0,54,41,54,-61,-55,41,-55,-61,0.00153268,0.0428058,-0.0348037,-0.00219884,-0.00937074,-0.00599781,376,16001,-31595,352,-1501,800,128,143.687
71,166,114,60,114,136,190,60,190,136,-0.146562,1.78024,-0.415218,-0.0219912,2.18341,-0.0839436,1246,1246,1246,1246,1246,0,54,40,54,-61,-55,40,-55,-61,0.00507315,0.0406187,-0.0339541,-0.00163388,-0.0091087,-0.00497115,1246,15183,-30824,261,-1459,663,130,142.839
72,163,113,59,113,136,190,59,190,136,-0.146562,1.79011,-0.42006,-0.0226195,2.18299,-0.0846975,1351,1351,1351,1351,1351,0,53,39,53,-61,-55,39,-55,-61,0.00550048,0.0389029,-0.0326482,-0.00145911,-0.00916261,-0.00465403,1351,14542,-29639,233,-1467,621,129,141.252
73,154,112,57,112,136,192,57,192,136,-0.146562,1.79684,-0.424126,-0.022829,2.18299,-0.0859542,250,250,250,250,250,0,52,37,52,-61,-53,37,-53,-61,0.00101836,0.0371452,-0.0306319,-0.00187063,-0.00919091,-0.00554835,250,13885,-27808,299,-1472,740,130,137.31
74,154,112,55,112,135,192,55,192,135,-0.146562,1.7972,-0.428487,-0.0232478,2.18278,-0.0867082,885,885,885,885,885,0,52,35,52,-62,-53,35,-53,-62,0.00360587,0.035844,-0.031908,-0.00126433,-0.00905393,-0.0049647,885,13398,-28967,202,-1450,662,130,136.18
75,154,112,57,112,136,192,57,192,136,-0.146562,1.80214,-0.432774,-0.0240856,2.18257,-0.0867082,248,248,248,248,248,0,52,37,52,-61,-53,37,-53,-61,0.00101351,0.0372788,-0.0305276,-0.001839,-0.00943452,-0.00552598,248,13935,-27713,294,-1511,737,129,137.31
76,154,112,57,112,136,192,57,192,136,-0.146562,1.80699,-0.436692,-0.024295,2.18257,-0.0869595,251,251,251,251,251,0,52,37,52,-61,-53,37,-53,-61,0.00102291,0.0373578,-0.0304093,-0.00183494,-0.00963242,-0.00550797,251,13964,-27606,293,-1543,735,128,137.31
77,151,111,56,111,136,192,56,192,136,-0.146562,1.81157,-0.440388,-0.0247139,2.18236,-0.0872108,340,340,340,340,340,0,51,36,51,-61,-53,36,-53,-61,0.00138453,0.0357621,-0.0292321,-0.00169552,-0.00947525,-0.00524666,340,13368,-26537,271,-1517,700,128,135.753
78,151,111,55,111,136,192,55,192,136,-0.146562,1.81533,-0.444417,-0.0247139,2.18236,-0.0872108,1015,1015,1015,1015,1015,0,51,35,51,-61,-53,35,-53,-61,0.00413312,0.0341782,-0.0293385,-0.00120145,-0.00928721,-0.00456194,1015,12776,-26634,192,-1487,609,129,134.967
79,148,110,55,110,136,192,55,192,136,-0.146562,1.82018,-0.448482,-0.0249234,2.18236,-0.0872108,423,423,423,423,423,0,50,35,50,-61,-53,35,-53,-61,0.00172297,0.0342963,-0.028002,-0.00156066,-0.00947893,-0.00499181,423,12820,-25421,250,-1518,666,130,134.216
80,145,110,54,110,136,193,54,193,136,-0.146562,1.8244,-0.45192,-0.0251328,2.18236,-0.0874621,282,282,282,282,282,0,50,34,50,-61,-52,34,-52,-61,0.00115068,0.0333326,-0.0273066,-0.00155069,-0.00945334,-0.00504647,282,12460,-24789,248,-1514,673,129,132.654
81,145,110,54,110,136,193,54,193,136,-0.146562,1.8305,-0.4558,-0.0251328,2.18215,-0.0879648,286,286,286,286,286,0,50,34,50,-61,-52,34,-52,-61,0.00116631,0.0334137,-0.0271702,-0.00154968,-0.00967044,-0.00502398,286,12490,-24665,248,-1549,670,128,132.654
82,145,110,53,110,136,193,53,193,136,-0.146562,1.8393,-0.458831,-0.0251328,2.18215,-0.0902268,899,899,899,899,899,0,50,33,50,-61,-52,33,-52,-61,0.00366097,0.032074,-0.0274042,-0.00108488,-0.00969979,-0.00439123,899,11989,-24878,173,-1553,586,129,131.894
83,136,109,51,109,135,195,51,195,135,-0.146562,1.84056,-0.462564,-0.0253422,2.18215,-0.0912321,-385,-385,-385,-385,-385,0,49,31,49,-62,-50,31,-50,-62,-0.0015679,0.0313443,-0.0246007,-0.00174947,-0.00958747,-0.00527259,-385,11716,-22333,280,-1535,703,129,128.565
84,136,109,51,109,135,195,51,195,135,-0.146562,1.84289,-0.466223,-0.0255517,2.18194,-0.091986,-387,-387,-387,-387,-387,0,49,31,49,-62,-50,31,-50,-62,-0.00157662,0.0314025,-0.0245665,-0.00174214,-0.00968085,-0.00527486,-387,11738,-22302,279,-1550,704,127,128.565
85,136,109,52,109,135,195,52,195,135,-0.146562,1.84684,-0.469254,-0.0257611,2.18194,-0.0922374,-905,-905,-905,-905,-905,0,49,32,49,-62,-50,32,-50,-62,-0.003686,0.0326221,-0.0238896,-0.00214942,-0.00994353,-0.00569017,-905,12194,-21687,344,-1593,759,128,129.298
86,134,108,52,108,135,195,52,195,135,-0.146562,1.85025,-0.472543,-0.0265989,2.18152,-0.09274,-1379,-1379,-1379,-1379,-1379,0,48,32,48,-62,-50,32,-50,-62,-0.00561523,0.0326922,-0.0225664,-0.00242178,-0.00990619,-0.00586395,-1379,12220,-20486,387,-1587,782,128,128.546
87,131,108,50,108,135,196,50,196,135,-0.146562,1.85501,-0.475352,-0.028065,2.18089,-0.0932427,-821,-821,-821,-821,-821,0,48,30,48,-62,-49,30,-49,-62,-0.00334326,0.0302481,-0.0220545,-0.0019573,-0.00959641,-0.00528515,-821,11307,-20021,313,-1537,705,128,126.309
88,131,107,50,107,135,195,50,195,135,-0.146562,1.85914,-0.478383,-0.0293216,2.18027,-0.093494,-758,-758,-758,-758,-758,0,47,30,47,-62,-50,30,-50,-62,-0.00308974,0.0301567,-0.0218645,-0.00190727,-0.00969249,-0.00516085,-758,11272,-19849,305,-1552,688,129,126.341
89,131,107,50,107,135,195,50,195,135,-0.146562,1.86264,-0.480859,-0.0312066,2.17964,-0.0937453,-762,-762,-762,-762,-762,0,47,30,47,-62,-50,30,-50,-62,-0.00310337,0.0302176,-0.0218059,-0.00190011,-0.00982025,-0.00514938,-762,11295,-19796,304,-1573,687,128,126.341
90,131,107,49,107,134,195,49,195,134,-0.146562,1.86569,-0.484112,-0.0312066,2.17964,-0.0939967,-771,-771,-771,-771,-771,0,47,29,47,-63,-50,29,-50,-63,-0.00313918,0.0303542,-0.0219008,-0.00188407,-0.0100263,-0.00517132,-771,11346,-19882,301,-1606,690,127,126.135
91,131,107,48,107,135,195,48,195,135,-0.146562,1.87,-0.486773,-0.0316254,2.17943,-0.0944993,249,249,249,249,249,0,47,28,47,-62,-50,28,-50,-62,0.00101542,0.0281967,-0.0231637,-0.00108834,-0.00993132,-0.00437142,249,10540,-21028,174,-1591,583,127,124.956
92,128,106,47,106,134,195,47,195,134,-0.146562,1.87628,-0.489914,-0.0320443,2.17901,-0.0960073,-187,-187,-187,-187,-187,0,46,27,46,-63,-50,27,-50,-63,-0.000761447,0.0280828,-0.0216609,-0.00136814,-0.0099662,-0.00455459,-187,10497,-19664,219,-1596,608,128,124.048
93,120,105,46,105,133,197,46,197,133,-0.146562,1.87996,-0.492465,-0.033301,2.17838,-0.09651,-1480,-1480,-1480,-1480,-1480,0,45,26,45,-64,-48,26,-48,-64,-0.00602515,0.0273295,-0.0165711,-0.00226808,-0.00894739,-0.00489484,-1480,10216,-15043,363,-1433,653,130,121.581
94,120,104,45,104,133,196,45,196,133,-0.146562,1.88203,-0.495458,-0.0343482,2.17796,-0.0977666,-1029,-1029,-1029,-1029,-1029,0,44,25,44,-64,-49,25,-49,-64,-0.00419152,0.0265605,-0.0175078,-0.00186525,-0.00914569,-0.00459277,-1029,9928,-15894,298,-1465,613,130,121.017
95,120,104,45,104,133,196,45,196,133,-0.146562,1.8866,-0.497417,-0.0349765,2.17796,-0.0977666,-1035,-1035,-1035,-1035,-1035,0,44,25,44,-64,-49,25,-49,-64,-0.00421536,0.0266217,-0.0174363,-0.00188207,-0.00928145,-0.00461106,-1035,9951,-15829,301,-1486,615,130,121.017
96,118,103,44,103,133,196,44,196,133,-0.146562,1.88903,-0.499857,-0.0360237,2.17733,-0.0997772,-971,-971,-971,-971,-971,0,43,24,43,-64,-49,24,-49,-64,-0.00395436,0.0256159,-0.0167522,-0.00177279,-0.00904116,-0.00438513,-971,9575,-15208,284,-1448,585,128,119.683
97,118,103,43,103,133,196,43,196,133,-0.146562,1.89208,-0.502259,-0.0362331,2.17733,-0.10028,-511,-511,-511,-511,-511,0,43,23,43,-64,-49,23,-49,-64,-0.00208041,0.0248497,-0.0177144,-0.0014032,-0.00927998,-0.00415432,-511,9289,-16081,224,-1486,554,126,119.092
98,115,102,43,102,133,196,43,196,133,-0.146562,1.89486,-0.503996,-0.0362331,2.17733,-0.100531,-905,-905,-905,-905,-905,0,42,23,42,-64,-49,23,-49,-64,-0.00368436,0.0244721,-0.0159057,-0.00167479,-0.00882102,-0.00416037,-905,9148,-14439,268,-1413,555,129,118.377
99,115,102,43,102,133,196,43,196,133,-0.146562,1.89827,-0.506509,-0.0364426,2.17712,-0.101034,-909,-909,-909,-909,-909,0,42,23,42,-64,-49,23,-49,-64,-0.00370138,0.0245256,-0.0158624,-0.00168236,-0.0089191,-0.00417435,-909,9167,-14400,269,-1428,557,129,118.377
100,110,101,42,101,133,197,42,197,133,-0.146562,1.90186,-0.508394,-0.0364426,2.17712,-0.101537,-1226,-1226,-1226,-1226,-1226,0,41,22,41,-64,-48,22,-48,-64,-0.00499165,0.0231705,-0.0135869,-0.0018459,-0.00811281,-0.00397185,-1226,8661,-12334,295,-1299,530,129,116.267
101,108,101,41,101,133,198,41,198,133,-0.146562,1.90456,-0.510058,-0.036652,2.17712,-0.10229,-1148,-1148,-1148,-1148,-1148,0,41,21,41,-64,-47,21,-47,-64,-0.00467541,0.0222141,-0.0129699,-0.00177709,-0.00785454,-0.00382307,-1148,8303,-11774,284,-1258,510,130,114.887
102,108,101,40,101,132,198,40,198,132,-0.146562,1.90734,-0.512164,-0.0370709,2.17692,-0.103296,-1148,-1148,-1148,-1148,-1148,0,41,20,41,-65,-47,20,-47,-65,-0.00467598,0.0222206,-0.0127972,-0.00179444,-0.00792863,-0.00382779,-1148,8306,-11617,287,-1270,511,128,114.913
103,105,100,40,100,132,198,40,198,132,-0.146562,1.91003,-0.513938,-0.0372803,2.17629,-0.10405,-1473,-1473,-1473,-1473,-1473,0,40,20,40,-65,-47,20,-47,-65,-0.00599762,0.0217071,-0.0110998,-0.00198625,-0.00726637,-0.00367152,-1473,8114,-10076,318,-1164,490,128,114.206
104,108,101,39,101,131,198,39,198,131,-0.146562,1.91281,-0.515195,-0.0374898,2.17587,-0.105055,-1152,-1152,-1152,-1152,-1152,0,41,19,41,-66,-47,19,-47,-66,-0.00469273,0.0222565,-0.0125905,-0.00182086,-0.0080685,-0.00384784,-1152,8319,-11430,291,-1292,513,129,114.974
105,108,101,39,101,131,198,39,198,131,-0.146562,1.91578,-0.516858,-0.0379086,2.17587,-0.105306,-1157,-1157,-1157,-1157,-1157,0,41,19,41,-66,-47,19,-47,-66,-0.00471229,0.0222969,-0.0125553,-0.00183135,-0.00814624,-0.00386423,-1157,8334,-11398,293,-1305,515,128,114.974
106,101,99,38,99,131,199,38,199,131,-0.146562,1.92026,-0.518854,-0.0383275,2.17566,-0.105558,-1675,-1675,-1675,-1675,-1675,0,39,18,39,-66,-46,18,-46,-66,-0.00681929,0.0203102,-0.0086317,-0.0021497,-0.00636611,-0.00337423,-1675,7592,-7836,344,-1019,450,128,112.259
107,101,99,37,99,131,199,37,199,131,-0.146562,1.92332,-0.519963,-0.038537,2.17566,-0.106312,-1317,-1317,-1317,-1317,-1317,0,39,17,39,-66,-46,17,-46,-66,-0.00536216,0.0198925,-0.00971406,-0.00186818,-0.00686378,-0.00335371,-1317,7436,-8818,299,-1099,447,127,111.79
108,98,98,35,98,131,199,35,199,131,-0.146562,1.92664,-0.521183,-0.0393747,2.17503,-0.106814,-910,-910,-910,-910,-910,0,38,15,38,-66,-46,15,-46,-66,-0.00370714,0.0185134,-0.0103108,-0.00146314,-0.00702417,-0.00309392,-910,6920,-9360,234,-1125,413,130,110.232
109,96,98,34,98,130,200,34,200,130,-0.146562,1.92798,-0.522181,-0.0395842,2.17503,-0.106814,-1151,-1151,-1151,-1151,-1151,0,38,14,38,-67,-45,14,-45,-67,-0.00468917,0.0179213,-0.00849016,-0.00169029,-0.00619661,-0.00294991,-1151,6699,-7707,270,-992,393,128,109.613
110,96,98,34,98,130,200,34,200,130,-0.146562,1.93014,-0.523992,-0.0402125,2.17461,-0.107066,-1155,-1155,-1155,-1155,-1155,0,38,14,38,-67,-45,14,-45,-67,-0.0047036,0.0179515,-0.0084733,-0.00169316,-0.00624573,-0.0029593,-1155,6710,-7692,271,-1000,395,130,109.613
111,98,99,34,99,130,200,34,200,130,-0.146562,1.93301,-0.525174,-0.0408408,2.17461,-0.107066,-908,-908,-908,-908,-908,0,39,14,39,-67,-45,14,-45,-67,-0.00370016,0.0185432,-0.0101362,-0.00150709,-0.00716325,-0.0031623,-908,6931,-9201,241,-1147,422,129,110.313
112,96,98,33,98,129,200,33,200,129,-0.15148,1.93481,-0.526098,-0.0408408,2.1744,-0.107317,-1178,-1178,-1178,-1178,-1178,0,38,13,38,-68,-45,13,-45,-68,-0.00479936,0.0179831,-0.00827174,-0.00179435,-0.0063266,-0.00308981,-1178,6722,-7509,287,-1013,412,129,109.859
113,98,97,30,97,128,198,30,198,128,-0.15148,1.93669,-0.527244,-0.0420974,2.17335,-0.108071,-281,-281,-281,-281,-281,0,37,10,37,-69,-47,10,-47,-69,-0.001145,0.0181988,-0.0129467,-0.000853859,-0.00856061,-0.00314839,-281,6802,-11753,136,-1371,420,130,110.531
114,98,97,30,97,128,198,30,198,128,-0.15148,1.93929,-0.528316,-0.0435635,2.17315,-0.109328,-281,-281,-281,-281,-281,0,37,10,37,-69,-47,10,-47,-69,-0.00114701,0.0182205,-0.0129191,-0.000849489,-0.00861388,-0.00313422,-281,6811,-11728,136,-1379,418,128,110.531
115,96,96,29,96,128,198,29,198,128,-0.15148,1.94181,-0.530386,-0.043773,2.17294,-0.109579,-239,-239,-239,-239,-239,0,36,9,36,-69,-47,9,-47,-69,-0.000975922,0.0174746,-0.0124057,-0.000789444,-0.00841167,-0.00299871,-239,6532,-11262,126,-1347,400,129,109.608
116,94,95,29,95,127,198,29,198,127,-0.15148,1.94342,-0.531901,-0.043773,2.17294,-0.109579,-841,-841,-841,-841,-841,0,35,9,35,-70,-47,9,-47,-70,-0.00342564,0.017131,-0.00907189,-0.0013586,-0.00689798,-0.00283193,-841,6403,-8235,217,-1105,378,127,109.595
117,94,95,28,95,127,198,28,198,127,-0.15148,1.94629,-0.533305,-0.0439824,2.17294,-0.109579,-517,-517,-517,-517,-517,0,35,8,35,-70,-47,8,-47,-70,-0.00210724,0.016976,-0.0105014,-0.00104358,-0.00764163,-0.00285882,-517,6345,-9533,167,-1224,381,130,109.362
118,92,95,27,95,127,199,27,199,127,-0.15148,1.94818,-0.534636,-0.0439824,2.17252,-0.110082,-497,-497,-497,-497,-497,0,35,7,35,-70,-46,7,-46,-70,-0.00202595,0.016322,-0.0101169,-0.000999093,-0.00745037,-0.0027801,-497,6101,-9184,160,-1193,371,130,108.301
119,90,94,26,94,127,199,26,199,127,-0.15148,1.94926,-0.536114,-0.0448202,2.1721,-0.110333,-454,-454,-454,-454,-454,0,34,6,34,-70,-46,6,-46,-70,-0.001852,0.015625,-0.00971167,-0.000925598,-0.00722824,-0.00263663,-454,5840,-8816,148,-1158,352,129,107.48
120,90,94,26,94,127,199,26,199,127,-0.15148,1.95186,-0.537445,-0.045239,2.1721,-0.111087,-456,-456,-456,-456,-456,0,34,6,34,-70,-46,6,-46,-70,-0.00185791,0.0156463,-0.00968858,-0.000928893,-0.00727377,-0.00263846,-456,5848,-8795,148,-1165,352,130,107.48
121,90,94,27,94,127,199,27,199,127,-0.15148,1.95294,-0.53848,-0.045239,2.1721,-0.11159,-748,-748,-748,-748,-748,0,34,7,34,-70,-46,7,-46,-70,-0.00304714,0.0157557,-0.00827184,-0.00122583,-0.0065577,-0.00258947,-748,5889,-7509,196,-1050,345,131,107.662
122,90,94,25,94,126,199,25,199,126,-0.15148,1.95572,-0.539256,-0.0454485,2.17147,-0.111841,-461,-461,-461,-461,-461,0,34,5,34,-71,-46,5,-46,-71,-0.00187706,0.0157062,-0.0096698,-0.000928843,-0.00739487,-0.00264541,-461,5871,-8778,148,-1184,353,131,107.981
123,85,93,25,93,126,200,25,200,126,-0.15148,1.95707,-0.540882,-0.0467051,2.17084,-0.112092,-915,-915,-915,-915,-915,0,33,5,33,-71,-45,5,-45,-71,-0.00372715,0.0142335,-0.00601953,-0.0013524,-0.00523825,-0.00220538,-915,5320,-5464,216,-839,294,130,106.508
124,85,93,25,93,126,200,25,200,126,-0.15148,1.95976,-0.542065,-0.0467051,2.17084,-0.112092,-919,-919,-919,-919,-919,0,33,5,33,-71,-45,5,-45,-71,-0.00374274,0.0142566,-0.00599805,-0.00136213,-0.00528348,-0.00222132,-919,5329,-5445,218,-846,296,129,106.508
125,85,92,25,92,126,199,25,199,126,-0.151616,1.96299,-0.542989,-0.0469146,2.17042,-0.112344,-944,-944,-944,-944,-944,0,32,5,32,-71,-46,5,-46,-71,-0.00384395,0.01434,-0.00601562,-0.00134836,-0.00536225,-0.00219359,-944,5360,-5461,216,-859,292,128,106.752
126,83,92,25,92,126,200,25,200,126,-0.151616,1.96353,-0.543506,-0.0477523,2.17,-0.112344,-1150,-1150,-1150,-1150,-1150,0,32,5,32,-71,-45,5,-45,-71,-0.00468286,0.0136574,-0.00436308,-0.00154241,-0.00427694,-0.00196773,-1150,5105,-3960,247,-685,262,128,105.896
127,81,91,24,91,125,200,24,200,125,-0.151616,1.96667,-0.544209,-0.0492184,2.16979,-0.113098,-1370,-1370,-1370,-1370,-1370,0,31,4,31,-72,-45,4,-45,-72,-0.00558022,0.0129644,-0.00260322,-0.0017229,-0.00315172,-0.00167149,-1370,4846,-2363,276,-504,223,128,105.849
128,79,91,22,91,124,201,22,201,124,-0.154895,1.96811,-0.544837,-0.0492184,2.16979,-0.113852,-1254,-1254,-1254,-1254,-1254,0,31,2,31,-73,-44,2,-44,-73,-0.00510591,0.0120855,-0.00212032,-0.00171204,-0.00276598,-0.00157782,-1254,4517,-1924,274,-443,210,128,105.523
129,79,89,21,89,124,199,21,199,124,-0.15626,1.97134,-0.544948,-0.0494278,2.16979,-0.114606,-1083,-1083,-1083,-1083,-1083,0,29,1,29,-73,-46,1,-46,-73,-0.00440883,0.0123995,-0.00366034,-0.0014224,-0.00384792,-0.00168151,-1083,4635,-3322,227,-616,224,128,106.047
130,79,89,21,89,124,199,21,199,124,-0.15626,1.97197,-0.545022,-0.0494278,2.16979,-0.114857,-1084,-1084,-1084,-1084,-1084,0,29,1,29,-73,-46,1,-46,-73,-0.00441363,0.0124032,-0.00365505,-0.00142535,-0.00385716,-0.0016864,-1084,4636,-3318,228,-617,225,129,106.047
131,79,89,17,89,123,199,17,199,123,-0.15626,1.97286,-0.545798,-0.0498467,2.16917,-0.115108,-298,-298,-298,-298,-298,0,29,-3,29,-74,-46,-3,-46,-74,-0.00121701,0.012554,-0.00773693,-0.000650789,-0.00661104,-0.00211601,-298,4692,-7023,104,-1059,282,129,106.85
132,79,89,17,89,123,199,17,199,123,-0.15626,1.97394,-0.546574,-0.0500562,2.16917,-0.115611,-299,-299,-299,-299,-299,0,29,-3,29,-74,-46,-3,-46,-74,-0.00121871,0.0125623,-0.00772982,-0.000650959,-0.00662695,-0.00211564,-299,4695,-7017,104,-1061,282,130,106.85
133,77,88,17,88,123,199,17,199,123,-0.15626,1.97663,-0.547757,-0.0500562,2.16896,-0.116616,-507,-507,-507,-507,-507,0,28,-3,28,-74,-46,-3,-46,-74,-0.00206461,0.0118857,-0.00602275,-0.000850776,-0.00550632,-0.00185979,-507,4443,-5467,136,-882,248,130,106.316
134,76,88,16,88,122,200,16,200,122,-0.15626,1.97762,-0.54894,-0.0500562,2.16896,-0.116616,-709,-709,-709,-709,-709,0,28,-4,28,-75,-45,-4,-45,-75,-0.00288758,0.0113352,-0.00441068,-0.00106682,-0.00442652,-0.00164954,-709,4237,-4004,170,-709,220,128,106.259
135,74,88,15,88,122,201,15,201,122,-0.15626,1.97906,-0.549346,-0.0500562,2.16896,-0.116616,-658,-658,-658,-658,-658,0,28,-5,28,-75,-44,-5,-44,-75,-0.00268137,0.0107529,-0.00417561,-0.00101626,-0.0042201,-0.00157213,-658,4019,-3790,162,-676,209,127,105.546
136,74,88,15,88,122,201,15,201,122,-0.15626,1.98013,-0.549901,-0.0500562,2.16896,-0.116616,-659,-659,-659,-659,-659,0,28,-5,28,-75,-44,-5,-44,-75,-0.00268596,0.0107602,-0.0041693,-0.00101899,-0.00423398,-0.00157672,-659,4022,-3785,163,-678,210,129,105.546
137,76,88,15,88,122,200,15,200,122,-0.15626,1.98148,-0.550344,-0.0500562,2.16896,-0.116868,-483,-483,-483,-483,-483,0,28,-5,28,-75,-45,-5,-45,-75,-0.00196876,0.0115118,-0.00578902,-0.00082718,-0.00545838,-0.00182612,-483,4303,-5255,132,-874,243,129,106.386
138,76,88,15,88,122,200,15,200,122,-0.15626,1.98319,-0.550898,-0.0500562,2.16896,-0.116868,-484,-484,-484,-484,-484,0,28,-5,28,-75,-45,-5,-45,-75,-0.0019735,0.0115206,-0.00577699,-0.000831219,-0.00547942,-0.00183082,-484,4306,-5244,133,-877,244,129,106.386
139,74,87,14,87,122,200,14,200,122,-0.157217,1.98453,-0.551638,-0.0502656,2.16833,-0.117119,-451,-451,-451,-451,-451,0,27,-6,27,-75,-45,-6,-45,-75,-0.0018368,0.0109787,-0.00552295,-0.000774907,-0.00528938,-0.00173426,-451,4103,-5013,124,-847,231,130,106.024
140,72,87,13,87,122,201,13,201,122,-0.159265,1.9866,-0.552599,-0.0502656,2.16833,-0.117119,-430,-430,-430,-430,-430,0,27,-7,27,-75,-44,-7,-44,-75,-0.00175277,0.0104859,-0.00528784,-0.000751862,-0.00512667,-0.00170579,-430,3919,-4800,120,-821,227,128,105.366
141,70,85,12,85,121,200,12,200,121,-0.159265,1.98767,-0.553486,-0.0502656,2.16833,-0.11737,-597,-597,-597,-597,-597,0,25,-8,25,-76,-45,-8,-45,-76,-0.00243159,0.00975956,-0.00371382,-0.000891709,-0.00393553,-0.0013544,-597,3648,-3371,142,-630,180,128,106.151
142,70,85,12,85,121,200,12,200,121,-0.159265,1.98848,-0.554114,-0.0502656,2.16833,-0.117873,-598,-598,-598,-598,-598,0,25,-8,25,-76,-45,-8,-45,-76,-0.00243472,0.00976598,-0.00371032,-0.000893273,-0.0039456,-0.00135752,-598,3650,-3368,143,-632,181,129,106.151
143,70,85,11,85,121,200,11,200,121,-0.159265,1.99055,-0.554668,-0.0502656,2.16833,-0.119129,-389,-389,-389,-389,-389,0,25,-9,25,-76,-45,-9,-45,-76,-0.00158673,0.00996838,-0.00499846,-0.000680013,-0.00498449,-0.00156681,-389,3726,-4537,108,-798,209,131,106.391
144,70,85,11,85,121,200,11,200,121,-0.159265,1.99135,-0.554964,-0.0502656,2.16833,-0.119129,-390,-390,-390,-390,-390,0,25,-9,25,-76,-45,-9,-45,-76,-0.00158852,0.00997207,-0.00499359,-0.00068155,-0.00499313,-0.00156856,-390,3727,-4533,109,-799,209,129,106.391
145,68,85,10,85,120,201,10,201,120,-0.159265,1.99279,-0.555518,-0.050475,2.1677,-0.119381,-553,-553,-553,-553,-553,0,25,-10,25,-77,-44,-10,-44,-77,-0.00225461,0.00923475,-0.0034329,-0.0008583,-0.00377981,-0.00129724,-553,3452,-3116,137,-605,173,130,106.541
146,70,85,10,85,119,200,10,200,119,-0.159265,1.9936,-0.55611,-0.0506845,2.1677,-0.119632,-595,-595,-595,-595,-595,0,25,-10,25,-78,-45,-10,-45,-78,-0.00242513,0.0097435,-0.00356009,-0.000913023,-0.00398566,-0.00136697,-595,3642,-3231,146,-638,182,130,108.093
147,70,85,10,85,120,200,10,200,120,-0.159265,1.99441,-0.556516,-0.0506845,2.1677,-0.119632,-391,-391,-391,-391,-391,0,25,-10,25,-77,-45,-10,-45,-77,-0.00159514,0.00999224,-0.00495705,-0.000683441,-0.00504952,-0.00157059,-391,3735,-4500,109,-808,209,130,107.373
148,68,85,9,85,119,201,9,201,119,-0.159265,1.9962,-0.556812,-0.0506845,2.16749,-0.119632,-553,-553,-553,-553,-553,0,25,-11,25,-78,-44,-11,-44,-78,-0.00225382,0.00922925,-0.00335863,-0.000869659,-0.00380902,-0.00130497,-553,3450,-3049,139,-610,174,131,107.559
149,68,85,8,85,119,201,8,201,119,-0.159265,1.99728,-0.557662,-0.0506845,2.16686,-0.119632,-368,-368,-368,-368,-368,0,25,-12,25,-78,-44,-12,-44,-78,-0.00149925,0.00952532,-0.00471316,-0.000647833,-0.00491676,-0.00151584,-368,3560,-4278,103,-787,202,129,107.88
150,68,85,8,85,119,201,8,201,119,-0.159265,1.99836,-0.558217,-0.0506845,2.16686,-0.119632,-368,-368,-368,-368,-368,0,25,-12,25,-78,-44,-12,-44,-78,-0.00150158,0.00953096,-0.00470739,-0.000649561,-0.00492827,-0.00151806,-368,3562,-4273,104,-789,202,129,107.88
151,67,84,8,84,119,201,8,201,119,-0.159265,1.99988,-0.558956,-0.0506845,2.16686,-0.119632,-526,-526,-526,-526,-526,0,24,-12,24,-78,-44,-12,-44,-78,-0.00214472,0.00890796,-0.00324008,-0.000819407,-0.00374577,-0.00123802,-526,3329,-2941,131,-600,165,131,107.424
152,67,84,7,84,118,201,7,201,118,-0.159265,2.00069,-0.55951,-0.0506845,2.16686,-0.119632,-524,-524,-524,-524,-524,0,24,-13,24,-79,-44,-13,-44,-79,-0.00213526,0.00889331,-0.00318576,-0.000824618,-0.00374973,-0.00123765,-524,3324,-2892,132,-600,165,129,108.499
153,65,84,7,84,119,202,7,202,119,-0.159265,2.00195,-0.559991,-0.0508939,2.16686,-0.119883,-489,-489,-489,-489,-489,0,24,-13,24,-78,-43,-13,-43,-78,-0.0019909,0.00842955,-0.00305825,-0.000777771,-0.00357564,-0.00117973,-489,3151,-2776,124,-572,157,130,106.963
154,65,84,6,84,118,202,6,202,118,-0.159265,2.00329,-0.560471,-0.0517317,2.16623,-0.120135,-487,-487,-487,-487,-487,0,24,-14,24,-79,-43,-14,-43,-79,-0.00198389,0.0084163,-0.00300414,-0.000780945,-0.00358462,-0.00117664,-487,3146,-2727,125,-574,157,130,108.069
155,65,84,6,84,118,202,6,202,118,-0.159265,2.00446,-0.560619,-0.0519411,2.16581,-0.120135,-488,-488,-488,-488,-488,0,24,-14,24,-79,-43,-14,-43,-79,-0.00198744,0.00841924,-0.00299722,-0.000782521,-0.00359484,-0.00117888,-488,3147,-2720,125,-575,157,129,108.069
156,63,83,5,83,118,202,5,202,118,-0.159265,2.00581,-0.560989,-0.0521506,2.16581,-0.120135,-455,-455,-455,-455,-455,0,23,-15,23,-79,-43,-15,-43,-79,-0.00185333,0.00796766,-0.00284053,-0.000720242,-0.00342984,-0.00108185,-455,2978,-2578,115,-549,144,129,108.037
157,63,83,4,83,118,202,4,202,118,-0.159265,2.00715,-0.561321,-0.0525694,2.16581,-0.120135,-295,-295,-295,-295,-295,0,23,-16,23,-79,-43,-16,-43,-79,-0.00120163,0.00830888,-0.0041083,-0.000524288,-0.00456046,-0.00130688,-295,3105,-3729,83,-730,174,129,108.467
158,63,83,5,83,118,202,5,202,118,-0.16309,2.00787,-0.561728,-0.0527789,2.16581,-0.120135,-465,-465,-465,-465,-465,0,23,-15,23,-79,-43,-15,-43,-79,-0.00189529,0.00799812,-0.002843,-0.00074919,-0.00346155,-0.00112843,-465,2989,-2580,120,-554,150,129,108.037
159,63,83,5,83,118,202,5,202,118,-0.163227,2.00913,-0.562282,-0.0529883,2.16561,-0.120135,-466,-466,-466,-466,-466,0,23,-15,23,-79,-43,-15,-43,-79,-0.00190035,0.00800442,-0.0028376,-0.000751744,-0.00347373,-0.00113263,-466,2992,-2576,120,-556,151,129,108.037
160,62,81,2,81,116,201,2,201,116,-0.163227,2.01119,-0.562615,-0.0531978,2.16561,-0.120135,-438,-438,-438,-438,-438,0,21,-18,21,-81,-44,-18,-44,-81,-0.0017854,0.00768131,-0.00266622,-0.000689416,-0.0034005,-0.00102427,-438,2871,-2420,110,-544,136,128,110.847
161,60,80,1,80,116,201,1,201,116,-0.163227,2.012,-0.562689,-0.0531978,2.16561,-0.120135,-406,-406,-406,-406,-406,0,20,-19,20,-81,-44,-19,-44,-81,-0.00165485,0.0072526,-0.00252391,-0.00063075,-0.0032371,-0.000934656,-406,2711,-2291,101,-518,124,131,110.977
