Z,u1,v1,u2,v2,u3,v3,u4,v4,pos1,pos2,pos3,pos4,pos5,pos6,vel1,vel2,vel3,vel4,vel5,vel6,err1,err2,err3,err4,err5,err6,err7,err8,speed1,speed2,speed3,speed4,speed5,speed6,cmdspeed1,cmdspeed2,cmdspeed3,cmdspeed4,cmdspeed5,cmdspeed6,time,normErr,
319,167,116,167,153,203,116,203,153,0,0.610865,0.907571,0,1.22173,0,-20620,-20620,-20620,-20620,-20620,0,107,96,107,-44,-42,96,-42,-44,-0.0839441,0.341706,-0.427486,-0.0108219,0.225539,0.0182122,-20620,80000,-150000,1733,36132,-2431,128,236.664,,
319,168,116,168,153,204,116,204,153,0,0.610865,0.907571,0,1.22173,0,-21028,-21028,-21028,-21028,-21028,0,108,96,108,-44,-41,96,-41,-44,-0.0856025,0.343008,-0.433947,-0.0110003,0.227873,0.0184888,-21028,80000,-150000,1762,36506,-2468,125,237.221,,
319,168,116,168,153,204,116,204,153,-0.000819548,0.610865,0.907571,0,1.22718,0,-21066,-21066,-21066,-21066,-21066,0,108,96,108,-44,-41,96,-41,-44,-0.0857589,0.342836,-0.433416,-0.0109393,0.227512,0.0182804,-21066,80000,-150000,1752,36448,-2440,126,237.221,,
319,167,117,167,153,203,117,203,153,-0.000819548,0.619213,0.906647,-0.00020944,1.25692,0.000502656,-13316,-13316,-13316,-13316,-13316,0,107,97,107,-44,-42,97,-42,-44,-0.0542079,0.325458,-0.470433,-0.00557441,0.233106,0.00901801,-13316,80000,-150000,893,37344,-1203,128,237.884,,
319,168,110,168,146,204,110,204,146,-0.000819548,0.645423,0.896188,-0.00020944,1.28896,0.000753984,-16528,-16528,-16528,-16528,-16528,0,108,90,108,-51,-41,90,-41,-51,-0.0672866,0.327756,-0.472997,-0.00562584,0.228844,0.0106435,-16528,80000,-150000,901,36662,-1420,130,231.497,,
319,169,95,169,134,205,95,205,134,-0.000819548,0.674685,0.881514,-0.00020944,1.31807,0.00100531,7303,7303,7303,7303,7303,0,109,75,109,-63,-40,75,-40,-63,-0.23706,0.419149,-0.525706,-0.0160508,0.256849,0.0440607,-58233,80000,-150000,2571,41148,-5882,129,218.646,,
319,169,95,169,134,205,95,205,134,-0.000956139,0.704754,0.863441,-0.00041888,1.34781,0.00100531,6196,6196,6196,6196,6196,0,109,75,109,-63,-40,75,-40,-63,-0.241569,0.410605,-0.500671,-0.0131834,0.240364,0.0391318,-59340,80000,-150000,2112,38507,-5224,127,218.646,,
319,172,82,172,121,208,82,208,121,-0.00915162,0.730067,0.842411,-0.0010472,1.38195,0.00100531,-3388,-3388,-3388,-3388,-3388,0,112,62,112,-76,-37,62,-37,-76,-0.28058,0.462086,-0.782221,-0.00769832,0.336076,0.0378843,-68924,80000,-150000,1233,53841,-5057,127,212.448,,
319,175,68,175,108,211,68,211,108,-0.0517681,0.759328,0.820974,-0.00167552,1.41358,0.00100531,-11154,-11154,-11154,-11154,-11154,0,115,48,115,-89,-34,48,-34,-89,-0.312197,0.493157,-1.03695,0.00653948,0.42014,0.0285962,-76690,80000,-150000,-1047,67308,-3817,128,208.794,,
280,158,50,158,90,203,50,203,90,-0.088238,0.787244,0.799648,-0.00188496,1.45714,0.00100531,14206,14206,14206,14206,14206,0,98,30,98,-107,-42,30,-42,-107,0.057833,0.0976925,0.00103167,-0.0108102,0.0204876,-0.0241138,14206,36518,936,1731,3282,3219,127,192.055,,
292,150,30,150,72,192,30,192,72,-0.128942,0.813184,0.778618,-0.00188496,1.50971,0.00100531,-7277,-7277,-7277,-7277,-7277,0,90,10,90,-125,-53,10,-53,-125,-0.0296248,0.252565,-0.526458,0.0113978,0.197021,-0.0128234,-7277,80000,-150000,-1825,31563,1711,129,194.276,,
301,138,6,138,49,178,6,178,49,-0.154758,0.836971,0.75999,-0.00230384,1.54846,0.00100531,-4210,-4210,-4210,-4210,-4210,0,78,-14,78,-148,-67,-14,-67,-148,-0.0171411,0.316599,-0.764855,0.0258225,0.279944,-0.0231578,-4210,80000,-150000,-4136,44848,3091,128,208.897,,
301,138,6,138,49,178,6,178,49,-0.170466,0.85977,0.738812,-0.00230384,1.57422,0.00100531,-4784,-4784,-4784,-4784,-4784,0,78,-14,78,-148,-67,-14,-67,-148,-0.0194765,0.312594,-0.754254,0.0277549,0.27377,-0.0255868,-4784,80000,-150000,-4446,43859,3415,128,208.897,,
267,145,36,145,81,193,36,193,81,-0.174154,0.941362,0.653102,-0.00230384,1.63684,0.00100531,-1533,-1533,-1533,-1533,-1533,0,85,16,85,-116,-52,16,-52,-116,-0.00624142,0.129352,-0.15511,-0.00708213,0.0574649,-0.0132597,-1533,48353,-140814,1134,9206,1770,127,184.613,,
247,145,41,145,90,198,41,198,90,-0.174154,0.941362,0.653102,-0.00230384,1.63684,0.00100531,577,577,577,577,577,0,85,21,85,-107,-47,21,-47,-107,0.00235283,0.0946757,-0.0889035,-0.00955026,0.0388276,-0.0126988,577,35391,-80709,1530,6220,1695,127,177.876,,
247,145,41,145,90,198,41,198,90,-0.174154,0.943157,0.648556,-0.00230384,1.64354,0.00100531,581,581,581,581,581,0,85,21,85,-107,-47,21,-47,-107,0.00236617,0.0945736,-0.0885488,-0.0096014,0.0385751,-0.0127148,581,35352,-80387,1538,6179,1697,128,177.876,,
271,144,56,144,99,191,56,191,99,-0.174154,0.963443,0.642198,-0.00230384,1.64815,0.00100531,2352,2352,2352,2352,2352,0,84,36,84,-98,-54,36,-54,-98,0.00957585,0.113614,-0.0742307,-0.0148634,0.0324937,-0.0144442,2352,42470,-67389,2381,5205,1928,127,182.855,,
263,146,57,146,99,195,57,195,99,-0.174154,0.976278,0.632589,-0.00230384,1.65276,0.00100531,14781,14781,14781,14781,14781,0,86,37,86,-98,-50,37,-50,-98,0.0601736,0.0452226,0.156854,-0.0332042,-0.0370617,-0.0187563,14781,16904,142397,5319,-5937,2504,129,183.038,,
255,147,47,147,93,198,47,198,93,-0.174154,0.989114,0.623718,-0.00272272,1.65695,0.00125664,4815,4815,4815,4815,4815,0,87,27,87,-104,-47,27,-47,-104,0.019602,0.0796835,-0.00994804,-0.0175591,0.0127758,-0.0148225,4815,29786,-9031,2813,2046,1978,130,180.441,,
255,147,47,147,93,198,47,198,93,-0.174154,0.998539,0.616955,-0.0041888,1.65695,0.00125664,4844,4844,4844,4844,4844,0,87,27,87,-104,-47,27,-47,-104,0.0197202,0.0789104,-0.00805173,-0.0175803,0.0116316,-0.0146746,4844,29497,-7309,2816,1863,1959,128,180.441,,
255,147,37,147,84,198,37,198,84,-0.174154,1.00931,0.613739,-0.00544544,1.65695,0.00125664,901,901,901,901,901,0,87,17,87,-113,-47,17,-47,-113,0.00366885,0.0954155,-0.071113,-0.0116794,0.027864,-0.0128187,901,35667,-64558,1871,4463,1711,127,182.187,,
259,143,25,143,76,193,25,193,76,-0.174154,1.01999,0.613074,-0.0073304,1.65716,0.00125664,-6884,-6884,-6884,-6884,-6884,0,83,5,83,-121,-52,5,-52,-121,-0.0280263,0.175882,-0.372399,0.0131088,0.112902,-0.0161234,-6884,65746,-150000,-2100,18087,2152,129,184.125,,
243,139,20,139,69,193,20,193,69,-0.174154,1.03148,0.60801,-0.00963424,1.66176,0.00125664,-499,-499,-499,-499,-499,0,79,0,79,-128,-52,0,-52,-128,-0.0020351,0.0736392,-0.0218005,-0.0131972,0.0128879,-0.00848314,-499,27527,-19791,2114,2064,1132,128,185.132,,
263,135,17,135,65,184,17,184,65,-0.174154,1.04997,0.601062,-0.0102626,1.6737,0.00125664,-3376,-3376,-3376,-3376,-3376,0,75,-3,75,-132,-61,-3,-61,-132,-0.0137472,0.150758,-0.258983,0.00274088,0.0769934,-0.0152782,-3376,56355,-150000,-439,12334,2039,128,190.113,,
232,155,27,155,71,212,27,212,71,-0.174154,1.0892,0.58953,-0.0113098,1.67684,0.00125664,23313,23313,23313,23313,23313,0,95,7,95,-126,-33,7,-33,-126,0.0949058,-0.073634,0.419836,-0.0534433,-0.0990447,-0.0147853,23313,-27525,150000,8561,-15867,1973,125,190.397,,
247,161,36,161,82,214,36,214,82,-0.174154,1.0892,0.58953,-0.0113098,1.67684,0.00125664,13963,13963,13963,13963,13963,0,101,16,101,-115,-31,16,-31,-115,0.0568437,0.0314931,0.105333,-0.0264798,-0.0261573,-0.0162644,13963,11772,95624,4242,-4190,2171,128,190.57,,
247,161,36,161,82,214,36,214,82,-0.174154,1.0892,0.58953,-0.015708,1.67601,0.00125664,13960,13960,13960,13960,13960,0,101,16,101,-115,-31,16,-31,-115,0.0568309,0.0316187,0.105152,-0.0264568,-0.0261728,-0.0161608,13960,11819,95460,4238,-4193,2157,128,190.57,,
232,165,52,165,99,222,52,222,99,-0.174154,1.0892,0.590048,-0.0186402,1.67517,0.00125664,29997,29997,29997,29997,29997,0,105,32,105,-98,-23,32,-23,-98,0.122115,-0.000423626,0.146048,-0.0320024,-0.0315855,-0.034857,29997,-158,132587,5126,-5060,4653,127,189.167,,
217,161,64,161,112,222,64,222,112,-0.174017,1.0892,0.596922,-0.022829,1.67412,0.00125664,-25940,-25940,-25940,-25940,-25940,0,101,44,101,-85,-23,44,-23,-85,0.161193,-0.00842431,0.110365,-0.0302576,-0.0205172,-0.0580999,39596,-3149,100192,4847,-3286,7756,127,185.723,,
220,158,73,158,131,218,73,218,131,-0.174017,1.0892,0.610782,-0.0282744,1.67286,0.00125664,-4375,-4375,-4375,-4375,-4375,0,98,53,98,-66,-27,53,-27,-66,-0.0178111,0.0874901,-0.127243,-0.00206566,0.0402145,-0.00895052,-4375,32704,-115515,330,6442,1194,128,182.891,,
220,158,73,158,131,218,73,218,131,-0.173198,1.0892,0.625086,-0.0307877,1.67182,0.00125664,-4377,-4377,-4377,-4377,-4377,0,98,53,98,-66,-27,53,-27,-66,-0.0178202,0.0881958,-0.12833,-0.00217851,0.0405733,-0.00905472,-4377,32968,-116501,349,6500,1208,128,182.891,,
213,151,78,151,139,213,78,213,139,-0.173198,1.0892,0.636026,-0.0312066,1.67182,0.00125664,-6024,-6024,-6024,-6024,-6024,0,91,58,91,-58,-32,58,-32,-58,-0.0245243,0.0802887,-0.109003,-0.00253906,0.036583,-0.00433586,-6024,30012,-98956,406,5860,578,130,179.07,,
206,140,84,140,146,204,84,204,146,-0.173198,1.09934,0.643825,-0.0324632,1.67182,0.00125664,-2792,-2792,-2792,-2792,-2792,0,80,64,80,-51,-41,64,-41,-51,-0.0113677,0.0714045,-0.0980084,-0.00294446,0.0327905,-0.00696885,-2792,26691,-88975,471,5253,930,130,176.213,,
202,126,96,126,158,191,96,191,158,-0.173198,1.11056,0.646818,-0.0326726,1.67182,0.00125664,-1689,-1689,-1689,-1689,-1689,0,66,76,66,-39,-54,76,-54,-39,-0.00687637,0.0721656,-0.109386,-0.00163691,0.0345885,-0.00787556,-1689,26976,-99304,262,5541,1051,129,182.738,,
192,122,95,122,159,190,95,190,159,-0.173198,1.11971,0.64741,-0.0326726,1.67286,0.00125664,-1848,-1848,-1848,-1848,-1848,0,62,75,62,-38,-55,75,-55,-38,-0.00752661,0.0701635,-0.115533,9.58156e-05,0.0334775,-0.00718429,-1848,26228,-104884,-15,5363,959,128,179.045,,
182,121,94,121,157,192,94,192,157,-0.173198,1.12806,0.64741,-0.0328821,1.6758,0.00125664,-2930,-2930,-2930,-2930,-2930,0,61,74,61,-40,-53,74,-53,-40,-0.011929,0.0877749,-0.178697,0.00655504,0.0405728,-0.00797297,-2930,32811,-150000,-1050,6499,1064,128,176.318,,
182,121,94,121,157,192,94,192,157,-0.173198,1.13883,0.646855,-0.0328821,1.67747,0.00125664,-2956,-2956,-2956,-2956,-2956,0,61,74,61,-40,-53,74,-53,-40,-0.0120372,0.088293,-0.178906,0.00643254,0.040258,-0.00814597,-2956,33005,-150000,-1030,6449,1087,129,176.318,,
182,122,85,122,150,193,85,193,150,-0.173198,1.15149,0.638761,-0.0330915,1.68438,0.00125664,-2096,-2096,-2096,-2096,-2096,0,62,65,62,-47,-52,65,-52,-47,-0.0085351,0.0701899,-0.122957,0.00172759,0.0305587,-0.00710415,-2096,26237,-111624,-276,4895,948,130,167.272,,
175,121,72,121,139,194,72,194,139,-0.173198,1.16217,0.623977,-0.0330915,1.69004,0.00125664,-1838,-1838,-1838,-1838,-1838,0,61,52,61,-58,-51,52,-51,-58,-0.00748566,0.0561571,-0.0856137,-0.000449264,0.0226043,-0.00533347,-1838,20992,-77722,71,3621,712,130,155.306,,
182,123,63,123,131,194,63,194,131,-0.173198,1.16908,0.608121,-0.0330915,1.69402,0.00125664,-1335,-1335,-1335,-1335,-1335,0,63,43,63,-66,-51,43,-51,-66,-0.00543466,0.053583,-0.0744424,-0.00185735,0.0205766,-0.00609954,-1335,20030,-67581,297,3296,814,129,151.799,,
175,122,56,122,126,195,56,195,126,-0.173198,1.17734,0.595222,-0.0330915,1.69758,0.00125664,-1229,-1229,-1229,-1229,-1229,0,62,36,62,-71,-50,36,-50,-71,-0.00500413,0.0490109,-0.0677137,-0.00164386,0.0179823,-0.00565522,-1229,18320,-61472,263,2880,754,130,147.027,,
175,122,56,122,126,195,56,195,126,-0.173198,1.1847,0.58565,-0.0330915,1.70072,0.00125664,-1235,-1235,-1235,-1235,-1235,0,62,36,62,-71,-50,36,-50,-71,-0.00502777,0.0487584,-0.0670205,-0.00165676,0.017541,-0.00566822,-1235,18226,-60843,265,2810,756,129,147.027,,
172,122,52,122,119,196,52,196,119,-0.173198,1.19188,0.577038,-0.0330915,1.70365,0.00125664,-1303,-1303,-1303,-1303,-1303,0,62,32,62,-78,-49,32,-49,-78,-0.00530818,0.0366848,-0.0283056,-0.00485763,0.0129216,-0.00346246,-1303,13713,-25696,778,2070,462,130,147.126,,
169,122,44,122,114,197,44,197,114,-0.173198,1.19727,0.568685,-0.0330915,1.7047,0.00125664,-1123,-1123,-1123,-1123,-1123,0,62,24,62,-83,-48,24,-48,-83,-0.00457215,0.0385064,-0.0396913,-0.00343598,0.0129462,-0.00426994,-1123,14394,-36033,550,2074,570,128,144.613,,
169,122,45,122,115,197,45,197,115,-0.173198,1.20202,0.56218,-0.033301,1.70658,0.00125664,-1131,-1131,-1131,-1131,-1131,0,62,25,62,-82,-48,25,-48,-82,-0.00460804,0.0386718,-0.0402041,-0.00338012,0.0128797,-0.00432222,-1131,14456,-36498,541,2063,577,130,144.551,,
163,120,55,120,122,197,55,197,122,-0.173198,1.20696,0.557523,-0.033301,1.70952,0.00125664,-1492,-1492,-1492,-1492,-1492,0,60,35,60,-75,-48,35,-48,-75,-0.00607443,0.0294991,-0.0128837,-0.00549931,0.0116068,-0.001749,-1492,11027,-11696,881,1859,233,129,145.286,,
163,119,62,119,130,196,62,196,130,-0.173198,1.20705,0.552644,-0.0335104,1.71098,0.00125664,-1931,-1931,-1931,-1931,-1931,0,59,42,59,-67,-49,42,-49,-67,-0.00786435,0.0404135,-0.0465988,-0.00227625,0.014591,-0.00268036,-1931,15107,-42303,364,2337,357,130,146.782,,
163,119,62,119,130,196,62,196,130,-0.173198,1.20965,0.549355,-0.0337198,1.71308,0.00125664,-1935,-1935,-1935,-1935,-1935,0,59,42,59,-67,-49,42,-49,-67,-0.00787983,0.0403608,-0.0464236,-0.00228554,0.0144674,-0.00269674,-1935,15087,-42144,366,2317,360,130,146.782,,
169,124,68,124,129,199,68,199,129,-0.173198,1.22105,0.544957,-0.0341387,1.71496,0.00125664,78,78,78,78,78,0,64,48,64,-68,-46,48,-46,-68,0.000320389,0.0426274,-0.0495195,-0.00396558,0.0144838,-0.0078141,78,15934,-44955,635,2320,1043,129,154.79,,
166,125,71,125,143,201,71,201,143,-0.173198,1.22644,0.538267,-0.0343482,1.71538,0.00125664,-1092,-1092,-1092,-1092,-1092,0,65,51,65,-54,-44,51,-44,-54,-0.00444699,0.0432862,-0.0598998,-0.00152599,0.0147298,-0.00571624,-1092,16180,-54378,244,2359,763,130,151.793,,
172,122,78,122,147,196,78,196,147,-0.173198,1.23371,0.531466,-0.0349765,1.71789,0.00125664,-1467,-1467,-1467,-1467,-1467,0,62,58,62,-50,-49,58,-49,-50,-0.0059731,0.0510844,-0.0770601,-0.000481332,0.0173268,-0.00614733,-1467,19096,-69957,77,2775,820,130,158.373,,
172,122,78,122,147,196,78,196,147,-0.173198,1.23856,0.523889,-0.0351859,1.71936,0.00125664,-1471,-1471,-1471,-1471,-1471,0,62,58,62,-50,-49,58,-49,-50,-0.00599194,0.0508867,-0.0765467,-0.000480571,0.0170094,-0.00615862,-1471,19022,-69491,76,2724,822,129,158.373,,
179,123,79,123,152,195,79,195,152,-0.173198,1.2461,0.513393,-0.0358142,1.72062,0.00125664,-845,-845,-845,-845,-845,0,63,59,63,-45,-50,59,-50,-45,-0.00344291,0.0356582,-0.0257454,-0.00535491,0.0119389,-0.00456106,-845,13329,-23372,857,1912,608,129,159.393,,
175,122,79,122,137,195,79,195,137,-0.173198,1.25139,0.503857,-0.0362331,1.7246,0.00125664,-3734,-3734,-3734,-3734,-3734,0,62,59,62,-60,-50,59,-50,-60,-0.0152033,0.0822402,-0.160234,0.00668887,0.0256726,-0.00789042,-3734,30742,-145465,-1071,4112,1053,130,163.496,,
160,130,71,130,149,208,71,208,149,-0.173198,1.25157,0.496391,-0.0364426,1.72564,0.00125664,-2405,-2405,-2405,-2405,-2405,0,70,51,70,-48,-37,51,-37,-48,-0.00979316,0.0350509,-0.0383461,-0.00218144,0.0121808,-0.00176031,-2405,13102,-34811,349,1951,235,130,150.483,,
160,130,71,130,149,208,71,208,149,-0.173198,1.26557,0.487743,-0.036652,1.72795,0.00125664,-2435,-2435,-2435,-2435,-2435,0,70,51,70,-48,-37,51,-37,-48,-0.00991528,0.0349174,-0.0376827,-0.00222934,0.0116467,-0.00185501,-2435,13052,-34209,357,1865,247,129,150.483,,
145,153,66,153,138,236,66,236,138,-0.173198,1.27186,0.480757,-0.036652,1.72837,0.00125664,6844,6844,6844,6844,6844,0,93,46,93,-59,-9,46,-9,-59,0.0278635,0.0230471,-0.0323805,-0.00806362,0.00536414,-0.0258789,6844,8615,-29396,1291,859,3454,129,165.194,,
139,178,55,178,131,263,55,263,131,-0.173198,1.27635,0.476544,-0.0368614,1.72899,0.00125664,4157,4157,4157,4157,4157,0,118,35,118,-66,18,35,18,-66,0.0169256,0.021535,-0.0238266,-0.00800978,0.00578395,-0.020656,4157,8050,-21630,1283,926,2757,129,191.12,,
136,189,55,189,131,275,55,275,131,-0.173198,1.27949,0.472811,-0.0379086,1.73193,0.00125664,4702,4702,4702,4702,4702,0,129,35,129,-66,30,35,30,-66,0.0191433,0.020593,-0.0227834,-0.00898562,0.00534218,-0.023378,4702,7697,-20683,1439,855,3121,130,207.637,,
139,187,60,187,136,272,60,272,136,-0.173198,1.27985,0.469078,-0.0389558,1.73381,0.00125664,3958,3958,3958,3958,3958,0,127,40,127,-61,27,40,27,-61,0.0161163,0.0237758,-0.0295151,-0.00743066,0.00596898,-0.0212078,3958,8887,-26794,1190,956,2831,130,205.516,,
134,191,58,191,137,278,58,278,137,-0.173198,1.27985,0.466417,-0.040003,1.73444,0.00125664,2366,2366,2366,2366,2366,0,131,38,131,-60,33,38,33,-60,0.00963463,0.0233981,-0.0291764,-0.00602486,0.00597265,-0.0172921,2366,8746,-26487,965,956,2308,130,210.789,,
134,191,58,191,137,278,58,278,137,-0.173198,1.2873,0.46224,-0.0408408,1.73486,0.00125664,2386,2386,2386,2386,2386,0,131,38,131,-60,33,38,33,-60,0.00971499,0.0232935,-0.0288752,-0.00605758,0.00576558,-0.0171994,2386,8707,-26213,970,923,2296,131,210.789,,
125,188,57,188,138,278,57,278,138,-0.173198,1.2899,0.458322,-0.0416786,1.73632,0.00125664,2756,2756,2756,2756,2756,0,128,37,128,-59,33,37,33,-59,0.01122,0.0195738,-0.0240281,-0.0066184,0.00468097,-0.0187295,2756,7316,-21813,1060,749,2500,130,206.238,,
123,188,55,188,137,279,55,279,137,-0.173198,1.2899,0.455255,-0.0425163,1.73695,0.00125664,2572,2572,2572,2572,2572,0,128,35,128,-60,34,35,34,-60,0.0104723,0.0186869,-0.0224623,-0.00652546,0.00452637,-0.0181936,2572,6985,-20391,1045,725,2428,130,205.803,,
120,185,57,185,140,277,57,277,140,-0.173198,1.2899,0.451374,-0.0431446,1.738,0.00125664,2422,2422,2422,2422,2422,0,125,37,125,-57,32,37,32,-57,0.00986076,0.0181863,-0.0226375,-0.00612903,0.00426059,-0.017901,2422,6798,-20551,981,682,2389,129,201.628,,
125,185,56,185,140,275,56,275,140,-0.173198,1.29304,0.448565,-0.043773,1.73842,0.00125664,362,362,362,362,362,0,125,36,125,-57,30,36,30,-57,0.00147688,0.0218932,-0.0274493,-0.00359237,0.00543395,-0.0105408,362,8183,-24919,575,870,1407,130,200.467,,
120,185,60,185,144,277,60,277,144,-0.173198,1.29986,0.445054,-0.0441918,1.73863,0.00125664,1669,1669,1669,1669,1669,0,125,40,125,-53,32,40,32,-53,0.00679782,0.0193194,-0.0248841,-0.00496918,0.00431398,-0.0151503,1669,7221,-22590,796,691,2022,129,202.255,,
120,185,60,185,144,277,60,277,144,-0.173198,1.29986,0.442614,-0.0450296,1.73947,0.00125664,1667,1667,1667,1667,1667,0,125,40,125,-53,32,40,32,-53,0.00678788,0.0193173,-0.0248794,-0.00495107,0.00429812,-0.0151719,1667,7221,-22586,793,688,2025,128,202.255,,
123,185,56,185,140,276,56,276,140,-0.173198,1.29986,0.438697,-0.0456579,1.74072,0.00125664,1048,1048,1048,1048,1048,0,125,36,125,-57,31,36,31,-57,0.00426857,0.0203279,-0.0252209,-0.00437944,0.00478698,-0.0127954,1048,7598,-22896,701,766,1708,130,200.771,,
118,183,56,183,141,276,56,276,141,-0.173198,1.29986,0.43574,-0.0462862,1.74093,0.00125664,1573,1573,1573,1573,1573,0,123,36,123,-56,31,36,31,-56,0.00640624,0.0180973,-0.0224487,-0.00496352,0.00412507,-0.014663,1573,6764,-20379,795,660,1957,129,198,,
118,182,56,182,140,275,56,275,140,-0.173198,1.30471,0.431933,-0.0473334,1.74114,0.00125664,2326,2326,2326,2326,2326,0,122,36,122,-57,30,36,30,-57,0.00947207,0.0171892,-0.0209696,-0.00594187,0.00373315,-0.0172891,2326,6425,-19036,951,598,2308,130,196.736,,
120,183,60,183,145,275,60,275,145,-0.173198,1.31369,0.429568,-0.0481712,1.74135,0.00125664,967,967,967,967,967,0,123,40,123,-52,30,40,30,-52,0.00393875,0.0197756,-0.025195,-0.00405493,0.00426771,-0.0124135,967,7392,-22872,649,683,1657,129,198.902,,
120,183,60,183,145,275,60,275,145,-0.173198,1.31369,0.426611,-0.0487995,1.74198,0.00125664,965,965,965,965,965,0,123,40,123,-52,30,40,30,-52,0.00392862,0.0197684,-0.0251834,-0.00403216,0.00425491,-0.0124332,965,7389,-22862,645,681,1659,128,198.902,,
115,186,55,186,140,280,55,280,140,-0.173198,1.31369,0.423469,-0.0494278,1.7424,0.00125664,2121,2121,2121,2121,2121,0,126,35,126,-57,35,35,35,-57,0.00863564,0.0165093,-0.0199029,-0.00584963,0.00342006,-0.0168444,2121,6171,-18068,937,547,2248,130,202.795,,
115,185,56,185,140,279,56,279,140,-0.173198,1.31369,0.420438,-0.0502656,1.7424,0.00125664,2842,2842,2842,2842,2842,0,125,36,125,-57,34,36,34,-57,0.0115725,0.0158344,-0.0190763,-0.00671927,0.0031121,-0.0196112,2842,5919,-17318,1076,498,2618,130,201.74,,
118,185,57,185,144,278,57,278,144,-0.173198,1.31898,0.417149,-0.0511034,1.74324,0.00125664,170,170,170,170,170,0,125,37,125,-53,33,37,33,-53,0.000695668,0.0194942,-0.0242967,-0.00315713,0.00425875,-0.00956334,170,7287,-22057,505,682,1276,129,200.858,,
110,184,60,184,148,280,60,280,148,-0.173198,1.32733,0.414894,-0.0521506,1.74345,0.00125664,1225,1225,1225,1225,1225,0,124,40,124,-49,35,40,35,-49,0.00498827,0.0164528,-0.021108,-0.00432909,0.00298223,-0.0134759,1225,6150,-19162,693,477,1799,130,201.005,,
108,185,54,185,140,282,54,282,140,-0.173198,1.32742,0.411753,-0.0525694,1.74428,0.00125664,3004,3004,3004,3004,3004,0,125,34,125,-57,37,34,37,-57,0.0122319,0.0131824,-0.0152725,-0.00732535,0.00232435,-0.0206251,3004,4927,-13864,1173,372,2753,129,201.755,,
108,185,54,185,140,282,54,282,140,-0.173198,1.32742,0.409276,-0.0531978,1.74449,0.00125664,2999,2999,2999,2999,2999,0,125,34,125,-57,37,34,37,-57,0.0122111,0.0131971,-0.0152908,-0.00728874,0.00231369,-0.0206577,2999,4933,-13881,1167,370,2757,131,201.755,,
108,185,56,185,141,282,56,282,141,-0.173198,1.32742,0.407613,-0.0546638,1.74533,0.00125664,3649,3649,3649,3649,3649,0,125,36,125,-56,37,36,37,-56,0.0148555,0.0128642,-0.0152874,-0.00808521,0.00191963,-0.0234867,3649,4808,-13878,1295,307,3135,130,202.514,,
108,183,56,183,142,280,56,280,142,-0.173198,1.32742,0.405026,-0.0548733,1.74659,0.00125664,3013,3013,3013,3013,3013,0,123,36,123,-55,35,36,35,-55,0.0122668,0.0134975,-0.0162975,-0.00706532,0.00212748,-0.0207915,3013,5045,-14795,1131,340,2775,131,199.05,,
113,184,57,184,143,279,57,279,143,-0.173198,1.33729,0.4034,-0.0555016,1.74742,0.00125664,2044,2044,2044,2044,2044,0,124,37,124,-54,34,37,34,-54,0.00832365,0.0160172,-0.0196017,-0.00557146,0.00270095,-0.0162551,2044,5987,-17795,892,432,2170,130,200.217,,
113,184,57,184,143,279,57,279,143,-0.173198,1.33738,0.401367,-0.0559205,1.74742,0.00125664,2041,2041,2041,2041,2041,0,124,37,124,-54,34,37,34,-54,0.00831114,0.0160208,-0.0196037,-0.00554612,0.00269177,-0.016274,2041,5988,-17796,888,431,2172,129,200.217,,
103,185,49,185,138,284,49,284,138,-0.173061,1.33738,0.398262,-0.0559205,1.74742,0.00125664,2083,2083,2083,2083,2083,0,125,29,125,-59,39,29,39,-59,0.00847963,0.0121905,-0.0133139,-0.0062867,0.00234118,-0.0169477,2083,4556,-12086,1007,375,2262,129,200.739,,
108,185,54,185,143,282,54,282,143,-0.173061,1.33738,0.396193,-0.0561299,1.74784,0.00125664,1144,1144,1144,1144,1144,0,125,34,125,-54,37,34,37,-54,0.00465834,0.0152175,-0.0183374,-0.00445355,0.00275257,-0.0130033,1144,5688,-16647,713,440,1736,127,200.928,,
108,183,55,183,143,280,55,280,143,-0.173061,1.33738,0.394012,-0.0565488,1.74826,0.00125664,1767,1767,1767,1767,1767,0,123,35,123,-54,35,35,35,-54,0.00719479,0.0146218,-0.017646,-0.00525388,0.00247243,-0.0154826,1767,5465,-16019,841,396,2066,132,198.24,,
108,183,55,183,143,280,55,280,143,-0.173061,1.33738,0.391868,-0.0567582,1.74847,0.00125664,1764,1764,1764,1764,1764,0,123,35,123,-54,35,35,35,-54,0.00718283,0.0146242,-0.0176483,-0.00522991,0.0024682,-0.0155011,1764,5466,-16021,837,395,2069,131,198.24,,
113,182,55,182,143,277,55,277,143,-0.173061,1.34717,0.390094,-0.0578054,1.74847,0.00125664,743,743,743,743,743,0,122,35,122,-54,32,35,32,-54,0.00302766,0.017011,-0.0204901,-0.00383982,0.00304452,-0.0111732,743,6358,-18601,615,487,1491,129,195.977,,
101,179,55,179,143,279,55,279,143,-0.173061,1.34726,0.386694,-0.0586432,1.74931,0.00125664,3151,3151,3151,3151,3151,0,119,35,119,-54,34,35,34,-54,0.012829,0.0110878,-0.0130926,-0.00746906,0.00124052,-0.0216861,3151,4144,-11885,1196,198,2895,129,192.938,,
101,181,56,181,141,281,56,281,141,-0.173061,1.34726,0.384624,-0.0590621,1.74994,0.00125664,4973,4973,4973,4973,4973,0,121,36,121,-56,36,36,36,-56,0.020248,0.00920882,-0.0104351,-0.0103812,0.000515245,-0.0299659,4973,3442,-9473,1663,82,4000,129,197.226,,
103,180,55,180,141,279,55,279,141,-0.173061,1.34735,0.382998,-0.0603187,1.74994,0.00125664,3961,3961,3961,3961,3961,0,120,35,120,-56,34,35,34,-56,0.0161254,0.0106779,-0.0121271,-0.00866904,0.00111651,-0.0249473,3961,3991,-11009,1388,178,3330,128,194.738,,
101,178,56,178,142,278,56,278,142,-0.173061,1.34735,0.381261,-0.0613659,1.74994,0.00125664,4363,4363,4363,4363,4363,0,118,36,118,-55,33,36,33,-55,0.0177613,0.00985915,-0.01149,-0.00924707,0.000632379,-0.0271804,4363,3685,-10431,1481,101,3628,130,192.195,,
101,178,56,178,142,278,56,278,142,-0.173061,1.34735,0.379856,-0.0634603,1.74994,0.00125664,4358,4358,4358,4358,4358,0,118,36,118,-55,33,36,33,-55,0.0177435,0.00989862,-0.0115382,-0.00921704,0.00058353,-0.0272064,4358,3700,-10474,1476,93,3632,128,192.195,,
98,179,55,179,144,280,55,280,144,-0.173061,1.34735,0.378711,-0.064717,1.74994,0.00125664,2925,2925,2925,2925,2925,0,119,35,119,-53,35,35,35,-53,0.0119099,0.0107777,-0.0128933,-0.00714698,0.000988314,-0.0213875,2925,4028,-11704,1144,158,2855,131,193.018,,
98,178,54,178,145,279,54,279,145,-0.173061,1.34735,0.376863,-0.066183,1.74994,0.00125664,1859,1859,1859,1859,1859,0,118,34,118,-52,34,34,34,-52,0.00756801,0.0117776,-0.0141548,-0.00540975,0.00148716,-0.01631,1859,4402,-12850,866,238,2177,129,190.61,,
98,179,57,179,147,280,57,280,147,-0.173061,1.35507,0.374571,-0.068068,1.75015,0.00125664,2387,2387,2387,2387,2387,0,119,37,119,-50,35,37,35,-50,0.00971997,0.0116784,-0.0146084,-0.00609519,0.000882421,-0.0187892,2387,4365,-13261,976,141,2508,129,193.336,,
98,177,59,177,152,278,59,278,152,-0.172925,1.36117,0.373573,-0.0682774,1.75036,0.00125664,854,854,854,854,854,0,117,39,117,-45,33,39,33,-45,0.00348026,0.0131943,-0.0167061,-0.00360277,0.00157557,-0.0114834,854,4932,-15166,577,252,1533,128,190.116,,
87,182,57,182,149,288,57,288,149,-0.172925,1.36117,0.371688,-0.0684869,1.75036,0.00125664,3020,3020,3020,3020,3020,0,122,37,122,-48,43,37,43,-48,0.0122957,0.00869505,-0.0112591,-0.00773546,-0.000444027,-0.0238747,3020,3250,-10221,1239,-71,3187,129,199.692,,
87,182,57,182,149,288,57,288,149,-0.172925,1.36117,0.369249,-0.0686963,1.75036,0.00125664,3014,3014,3014,3014,3014,0,122,37,122,-48,43,37,43,-48,0.0122711,0.00870705,-0.0112718,-0.00768804,-0.000450434,-0.0239078,3014,3254,-10232,1231,-72,3191,129,199.692,,
92,183,54,183,149,287,54,287,149,-0.172651,1.36117,0.368029,-0.0697435,1.75036,0.00125664,1060,1060,1060,1060,1060,0,123,34,123,-48,42,34,42,-48,0.00431715,0.0111582,-0.0136043,-0.00419819,0.00124104,-0.0128144,1060,4171,-12350,672,198,1710,129,198.892,,
90,183,54,183,147,288,54,288,147,-0.172378,1.36117,0.366772,-0.069953,1.75036,0.00125664,2291,2291,2291,2291,2291,0,123,34,123,-50,43,34,43,-50,0.00932705,0.0095096,-0.0114991,-0.00641346,0.000476133,-0.019354,2291,3554,-10439,1027,76,2583,129,199.81,,
87,182,53,182,148,288,53,288,148,-0.172242,1.36117,0.364592,-0.0703718,1.75036,0.00125664,1721,1721,1721,1721,1721,0,122,33,122,-49,43,33,43,-49,0.00700626,0.00936812,-0.0113104,-0.00547357,0.000641197,-0.0166308,1721,3501,-10267,876,102,2220,128,197.823,,
90,182,53,182,149,287,53,287,149,-0.171285,1.36117,0.363261,-0.0707907,1.75057,0.00125664,991,991,991,991,991,0,122,33,122,-48,42,33,42,-48,0.00403461,0.0106425,-0.0128974,-0.00405245,0.00117815,-0.0124563,991,3978,-11708,649,188,1662,129,197.147,,
90,182,53,182,149,287,53,287,149,-0.16869,1.36117,0.361968,-0.0722568,1.75057,0.00125664,996,996,996,996,996,0,122,33,122,-48,42,33,42,-48,0.00405539,0.010625,-0.0128758,-0.00403108,0.00115731,-0.0124392,996,3971,-11689,645,185,1660,127,197.147,,
90,182,53,182,149,287,53,287,149,-0.166641,1.37284,0.360452,-0.0726757,1.75099,0.00125664,1022,1022,1022,1022,1022,0,122,33,122,-48,42,33,42,-48,0.00416223,0.0105332,-0.012647,-0.00411818,0.00102444,-0.0123043,1022,3937,-11481,659,164,1642,129,197.147,,
90,187,55,187,152,292,55,292,152,-0.166232,1.37284,0.358235,-0.0741418,1.7514,0.00125664,563,563,563,563,563,0,127,35,127,-45,47,35,47,-45,0.00229521,0.0111636,-0.0136475,-0.00332252,0.00120835,-0.0102719,563,4173,-12389,532,193,1371,129,205.854,,
83,188,53,188,151,296,53,296,151,-0.165139,1.37284,0.356498,-0.0743512,1.7514,0.00125664,1127,1127,1127,1127,1127,0,128,33,128,-46,51,33,51,-46,0.00459131,0.00910152,-0.0110682,-0.00444226,0.000551186,-0.0135519,1127,3402,-10048,711,88,1809,130,208.214,,
87,196,52,196,152,302,52,302,152,-0.16391,1.37284,0.355278,-0.0747701,1.75161,0.00125664,-280,-280,-280,-280,-280,0,136,32,136,-45,57,32,57,-45,-0.00114108,0.0111658,-0.0133653,-0.00197419,0.00165843,-0.00602576,-280,4173,-12133,316,265,804,128,220.425,,
87,197,54,197,153,303,54,303,153,-0.163227,1.37284,0.353319,-0.0749795,1.75182,0.00125664,69,69,69,69,69,0,137,34,137,-44,58,34,58,-44,0.000282581,0.0109833,-0.0132969,-0.002579,0.00141922,-0.00802492,69,4105,-12071,413,227,1071,130,222.868,,
87,197,54,197,153,303,54,303,153,-0.16309,1.37284,0.351545,-0.0753984,1.75203,0.00125664,68,68,68,68,68,0,137,34,137,-44,58,34,58,-44,0.000280574,0.0109814,-0.0132941,-0.0025681,0.00141463,-0.00802979,68,4104,-12068,411,226,1072,128,222.868,,
90,200,56,200,153,305,56,305,153,-0.162953,1.37284,0.350362,-0.0760267,1.75245,0.00150797,455,455,455,455,455,0,140,36,140,-44,60,36,60,-44,0.00185298,0.0114519,-0.0140384,-0.0032735,0.00124531,-0.0103877,455,4280,-12744,524,199,1386,129,228.526,,
92,203,55,203,154,307,55,307,154,-0.162953,1.37284,0.348366,-0.0764456,1.75287,0.00150797,-683,-683,-683,-683,-683,0,143,35,143,-43,62,35,62,-43,-0.00278438,0.0126386,-0.0151772,-0.00150437,0.00211282,-0.0047023,-683,4724,-13778,241,338,627,130,232.616,,
90,203,56,203,155,308,56,308,155,-0.162953,1.38388,0.346186,-0.0770739,1.75308,0.00150797,-322,-322,-322,-322,-322,0,143,36,143,-42,63,36,63,-42,-0.00131167,0.0119312,-0.0143392,-0.0020709,0.00165508,-0.00639408,-322,4460,-13017,331,265,853,128,233.427,,
90,203,56,203,155,308,56,308,155,-0.162953,1.38388,0.344633,-0.0774928,1.75329,0.00150797,-322,-322,-322,-322,-322,0,143,36,143,-42,63,36,63,-42,-0.00131311,0.0119289,-0.0143359,-0.00206359,0.00165125,-0.00639783,-322,4459,-13014,330,264,854,130,233.427,,
87,202,53,202,155,308,53,308,155,-0.162953,1.38388,0.342638,-0.0783306,1.75329,0.00150797,-1001,-1001,-1001,-1001,-1001,0,142,33,142,-42,63,33,63,-42,-0.00407557,0.0116535,-0.0137686,-0.000797053,0.00201348,-0.00238842,-1001,4356,-12499,127,322,318,130,230.861,,
87,203,53,203,155,309,53,309,155,-0.162953,1.38388,0.340272,-0.0787494,1.75329,0.00150797,-1004,-1004,-1004,-1004,-1004,0,143,33,143,-42,64,33,64,-42,-0.00409085,0.0116538,-0.0137689,-0.000798813,0.0020099,-0.00241049,-1004,4356,-12499,127,321,321,131,232.639,,
87,204,53,204,154,310,53,310,154,-0.162953,1.38388,0.338979,-0.0789589,1.75329,0.00150797,-676,-676,-676,-676,-676,0,144,33,144,-43,65,33,65,-43,-0.00275213,0.0114666,-0.0136034,-0.00138151,0.00176443,-0.00426786,-676,4286,-12349,221,282,569,127,234.602,,
81,203,55,203,156,312,55,312,156,-0.162953,1.38388,0.337131,-0.0791683,1.75329,0.00150797,265,265,265,265,265,0,143,35,143,-41,67,35,67,-41,0.00107961,0.00959873,-0.0116988,-0.00288052,0.000830419,-0.00922548,265,3588,-10620,461,133,1231,129,235.015,,
87,208,54,208,156,314,54,314,156,-0.162953,1.38388,0.33532,-0.0791683,1.75329,0.00150797,-1024,-1024,-1024,-1024,-1024,0,148,34,148,-41,69,34,69,-41,-0.00417091,0.0116703,-0.0138039,-0.000828256,0.00203148,-0.00252345,-1024,4362,-12531,132,325,336,129,241.824,,
87,208,54,208,156,314,54,314,156,-0.162953,1.38388,0.33373,-0.0793778,1.75329,0.00150797,-1024,-1024,-1024,-1024,-1024,0,148,34,148,-41,69,34,69,-41,-0.00416957,0.0116658,-0.0137982,-0.000824309,0.00202984,-0.00252304,-1024,4360,-12526,132,325,336,128,241.824,,
90,207,55,207,155,312,55,312,155,-0.162953,1.39465,0.332363,-0.0795872,1.75392,0.00150797,-714,-714,-714,-714,-714,0,147,35,147,-42,67,35,67,-42,-0.0029071,0.0121323,-0.0143186,-0.00150238,0.00175968,-0.00459101,-714,4535,-12998,240,281,612,127,240.073,,
87,208,55,208,157,314,55,314,157,-0.162953,1.39474,0.329812,-0.0795872,1.75392,0.00150797,-1034,-1034,-1034,-1034,-1034,0,148,35,148,-40,69,35,69,-40,-0.00421217,0.0116665,-0.013689,-0.000859564,0.00193403,-0.00255688,-1034,4361,-12427,137,309,341,128,242.085,,
90,211,53,211,156,316,53,316,156,-0.162953,1.39474,0.32826,-0.0797966,1.75413,0.00150797,-1748,-1748,-1748,-1748,-1748,0,151,33,151,-41,71,33,71,-41,-0.00711887,0.0126753,-0.0147059,0.000135718,0.00241798,0.000601148,-1748,4738,-13350,-21,387,-80,129,246.236,,
90,211,53,211,156,316,53,316,156,-0.162953,1.39474,0.32656,-0.0802155,1.75413,0.00150797,-1747,-1747,-1747,-1747,-1747,0,151,33,151,-41,71,33,71,-41,-0.00711431,0.0126677,-0.0146967,0.00013575,0.00241702,0.000604863,-1747,4735,-13342,-21,387,-80,130,246.236,,
90,211,53,211,157,316,53,316,157,-0.162953,1.39474,0.324121,-0.0802155,1.75434,0.00150797,-2064,-2064,-2064,-2064,-2064,0,151,33,151,-40,71,33,71,-40,-0.00840226,0.0127959,-0.0147571,0.000639361,0.00265817,0.00228445,-2064,4783,-13397,-102,425,-304,129,246.071,,
94,213,52,213,157,316,52,316,157,-0.162953,1.39474,0.322568,-0.0802155,1.75434,0.00150797,-3192,-3192,-3192,-3192,-3192,0,153,32,153,-40,71,32,71,-40,-0.0129979,0.0144074,-0.0164343,0.00203461,0.00340918,0.00681765,-3192,5385,-14919,-325,546,-910,129,248.137,,
90,211,53,211,157,316,53,316,157,-0.162953,1.39474,0.321127,-0.0802155,1.75434,0.00150797,-2061,-2061,-2061,-2061,-2061,0,151,33,151,-40,71,33,71,-40,-0.00839172,0.0127829,-0.0147417,0.000635629,0.0026566,0.00229589,-2061,4778,-13383,-101,425,-306,129,246.071,,
87,210,53,210,156,316,53,316,156,-0.162953,1.39474,0.318281,-0.080425,1.75455,0.00150797,-1359,-1359,-1359,-1359,-1359,0,150,33,150,-41,71,33,71,-41,-0.00553451,0.0118144,-0.0137681,-0.000304275,0.00210046,-0.000837407,-1359,4416,-12499,48,336,111,129,245.01,,
87,210,53,210,156,316,53,316,156,-0.162953,1.40991,0.316729,-0.0806344,1.75476,0.00150797,-1383,-1383,-1383,-1383,-1383,0,150,33,150,-41,71,33,71,-41,-0.00563065,0.0118508,-0.0136347,-0.000342994,0.00192355,-0.00091811,-1383,4429,-12378,54,308,122,129,245.01,,
90,210,55,210,160,315,55,315,160,-0.162953,1.41,0.315213,-0.0806344,1.75496,0.00150797,-2404,-2404,-2404,-2404,-2404,0,150,35,150,-37,70,35,70,-37,-0.00978874,0.0128706,-0.0144394,0.00104337,0.00285677,0.00381902,-2404,4811,-13108,-167,457,-509,128,244.63,,
101,216,51,216,162,316,51,316,162,-0.162953,1.41,0.312885,-0.0808438,1.75496,0.00150797,-6546,-6546,-6546,-6546,-6546,0,156,31,156,-35,71,31,71,-35,-0.0266516,0.0175603,-0.0187055,0.00552588,0.00534881,0.0186895,-6546,6564,-16981,-885,856,-2495,128,250.723,,
98,215,52,215,162,316,52,316,162,-0.162953,1.41,0.310704,-0.0808438,1.75496,0.00150797,-5679,-5679,-5679,-5679,-5679,0,155,32,155,-35,71,32,71,-35,-0.0231222,0.01639,-0.0174962,0.00477917,0.00498003,0.0164401,-5679,6126,-15883,-765,797,-2194,127,249.858,,
101,216,53,216,163,316,53,316,163,-0.162953,1.41,0.309041,-0.0808438,1.75517,0.00150797,-6226,-6226,-6226,-6226,-6226,0,156,33,156,-34,71,33,71,-34,-0.0253485,0.0171721,-0.0180183,0.00494141,0.005397,0.0175064,-6226,6419,-16357,-791,864,-2337,127,251.35,,
98,215,53,215,164,316,53,316,164,-0.162953,1.4109,0.305493,-0.0808438,1.75622,0.00150797,-5941,-5941,-5941,-5941,-5941,0,155,33,155,-33,71,33,71,-33,-0.0241869,0.0162348,-0.0168869,0.0049652,0.00536734,0.0177887,-5941,6068,-15330,-795,859,-2374,129,249.976,,
98,215,53,215,164,316,53,316,164,-0.162953,1.42122,0.304162,-0.0808438,1.75685,0.00150797,-6025,-6025,-6025,-6025,-6025,0,155,33,155,-33,71,33,71,-33,-0.0245289,0.0164141,-0.0169177,0.00502033,0.00519087,0.0174442,-6025,6135,-15358,-804,831,-2328,128,249.976,,
101,216,54,216,164,316,54,316,164,-0.162953,1.42122,0.301834,-0.0808438,1.75727,0.00150797,-6294,-6294,-6294,-6294,-6294,0,156,34,156,-33,71,34,71,-33,-0.0256233,0.0171694,-0.0175971,0.00483568,0.00534327,0.0172061,-6294,6418,-15975,-774,856,-2297,128,251.617,,
103,217,52,217,163,316,52,316,163,-0.16309,1.42122,0.299284,-0.0808438,1.75832,0.00150797,-7145,-7145,-7145,-7145,-7145,0,157,32,157,-34,71,32,71,-34,-0.0290875,0.0183218,-0.0189769,0.0056793,0.00556329,0.0196412,-7145,6848,-17227,-909,891,-2622,127,252.206,,
101,216,54,216,164,316,54,316,164,-0.16309,1.42122,0.297583,-0.0808438,1.75894,0.00150797,-6284,-6284,-6284,-6284,-6284,0,156,34,156,-33,71,34,71,-33,-0.0255844,0.017139,-0.0175646,0.00480546,0.00534474,0.0172578,-6284,6406,-15945,-769,856,-2304,128,251.617,,
101,216,54,216,164,316,54,316,164,-0.16309,1.42122,0.294479,-0.0808438,1.75978,0.00150797,-6276,-6276,-6276,-6276,-6276,0,156,34,156,-33,71,34,71,-33,-0.0255517,0.0171165,-0.017541,0.00477818,0.0053466,0.0172984,-6276,6398,-15924,-765,856,-2309,128,251.617,,
101,216,53,216,164,316,53,316,164,-0.16309,1.43163,0.292705,-0.0806344,1.76167,0.00150797,-6670,-6670,-6670,-6670,-6670,0,156,33,156,-33,71,33,71,-33,-0.0271566,0.0175034,-0.0177824,0.00525647,0.00525992,0.0181627,-6670,6542,-16143,-842,842,-2424,129,251.217,,
101,216,55,216,166,316,55,316,166,-0.16309,1.4319,0.290413,-0.0806344,1.76292,0.00150797,-6642,-6642,-6642,-6642,-6642,0,156,35,156,-31,71,35,71,-31,-0.0270393,0.0171589,-0.0169153,0.00502241,0.0055608,0.0181967,-6642,6414,-15356,-804,890,-2429,136,251.774,,
105,218,54,218,166,316,54,316,166,-0.16309,1.4319,0.287419,-0.0806344,1.76334,0.00150797,-8055,-8055,-8055,-8055,-8055,0,158,34,158,-31,71,34,71,-31,-0.0327913,0.0189434,-0.0184641,0.00598659,0.00619089,0.021684,-8055,7081,-16762,-959,991,-2894,127,253.848,,
105,218,52,218,165,316,52,316,165,-0.16309,1.4319,0.285608,-0.0806344,1.76376,0.00150797,-8360,-8360,-8360,-8360,-8360,0,158,32,158,-32,71,32,71,-32,-0.0340344,0.0193261,-0.0192257,0.00649931,0.00610335,0.022831,-8360,7224,-17453,-1041,977,-3048,127,253.192,,
103,217,54,217,165,316,54,316,165,-0.16309,1.4319,0.283021,-0.0806344,1.76397,0.00150797,-7180,-7180,-7180,-7180,-7180,0,157,34,157,-32,71,34,71,-32,-0.0292321,0.0180756,-0.0179865,0.00536216,0.00567901,0.0194557,-7180,6756,-16328,-859,909,-2597,129,252.729,,
103,217,54,217,165,316,54,316,165,-0.163636,1.43307,0.280064,-0.0806344,1.76627,0.00150797,-7188,-7188,-7188,-7188,-7188,0,157,34,157,-32,71,34,71,-32,-0.0292643,0.0180759,-0.0179652,0.00536082,0.00565457,0.0194373,-7188,6757,-16309,-858,905,-2594,128,252.729,,
103,217,54,217,165,316,54,316,165,-0.16391,1.44474,0.278808,-0.0806344,1.76648,0.00150797,-7303,-7303,-7303,-7303,-7303,0,157,34,157,-32,71,34,71,-32,-0.0297332,0.0183133,-0.018009,0.00540314,0.00542256,0.0189655,-7303,6845,-16349,-865,868,-2531,128,252.729,,
108,219,48,219,161,316,48,316,161,-0.16391,1.44474,0.275666,-0.0806344,1.76711,0.00150797,-9229,-9229,-9229,-9229,-9229,0,159,28,159,-36,71,28,71,-36,-0.0375713,0.0215282,-0.0225712,0.00723031,0.00533347,0.0229896,-9229,8047,-20490,-1158,854,-3069,128,253.559,,
108,219,52,219,167,316,52,316,167,-0.16391,1.44474,0.273818,-0.0806344,1.76711,0.00150797,-9709,-9709,-9709,-9709,-9709,0,159,32,159,-30,71,32,71,-30,-0.0395251,0.0205589,-0.0195342,0.00708545,0.0065335,0.0252522,-9709,7685,-17733,-1135,1046,-3371,128,254.197,,
103,217,50,217,165,316,50,316,165,-0.16391,1.44474,0.270418,-0.0806344,1.76774,0.00150797,-8440,-8440,-8440,-8440,-8440,0,157,30,157,-32,71,30,71,-32,-0.0343606,0.0190431,-0.0189478,0.00690534,0.00573976,0.0235936,-8440,7118,-17201,-1106,919,-3149,130,251.205,,
103,217,50,217,165,316,50,316,165,-0.16391,1.44474,0.268422,-0.080425,1.76774,0.00150797,-8431,-8431,-8431,-8431,-8431,0,157,30,157,-32,71,30,71,-32,-0.0343238,0.0190232,-0.0189279,0.00687201,0.00573811,0.0236365,-8431,7111,-17183,-1100,919,-3155,127,251.205,,
110,220,46,220,160,316,46,316,160,-0.164046,1.4591,0.26602,-0.080425,1.76837,0.00150797,-10354,-10354,-10354,-10354,-10354,0,160,26,160,-37,71,26,71,-37,-0.0421508,0.023353,-0.024679,0.00800812,0.00504394,0.02429,-10354,8729,-22404,-1282,808,-3242,129,254.321,,
115,222,52,222,167,316,52,316,167,-0.164046,1.45982,0.263137,-0.080425,1.76983,0.00150797,-12015,-12015,-12015,-12015,-12015,0,162,32,162,-30,71,32,71,-30,-0.0489143,0.0239869,-0.0222226,0.00757135,0.0067619,0.026866,-12015,8966,-20174,-1212,1083,-3586,130,257.957,,
125,226,46,226,165,316,46,316,165,-0.164046,1.45982,0.259478,-0.080425,1.77067,0.00150797,-16624,-16624,-16624,-16624,-16624,0,166,26,166,-32,71,26,71,-32,-0.0676778,0.0304312,-0.0301649,0.00973832,0.00705939,0.0320491,-16624,11375,-27384,-1560,1130,-4278,128,261.239,,
123,225,48,225,167,316,48,316,167,-0.164046,1.46305,0.256447,-0.0802155,1.77172,0.00150797,-15776,-15776,-15776,-15776,-15776,0,165,28,165,-30,71,28,71,-30,-0.0642231,0.0286779,-0.0271055,0.00911324,0.007187,0.0313757,-15776,10720,-24607,-1459,1151,-4188,129,260.354,,
125,226,43,226,164,316,43,316,164,-0.164319,1.4705,0.252492,-0.0793778,1.77256,0.00150797,-17422,-17422,-17422,-17422,-17422,0,166,23,166,-33,71,23,71,-33,-0.070926,0.0318638,-0.0325916,0.0105455,0.00642956,0.0325217,-17422,11911,-29587,-1689,1030,-4341,129,260.519,,
125,226,43,226,164,316,43,316,164,-0.172105,1.4705,0.249388,-0.07854,1.77319,0.00150797,-17383,-17383,-17383,-17383,-17383,0,166,23,166,-33,71,23,71,-33,-0.0707649,0.0312616,-0.0319312,0.0105038,0.00635146,0.0327151,-17383,11685,-28988,-1682,1017,-4367,130,260.519,,
120,224,47,224,166,316,47,316,166,-0.184808,1.47229,0.244176,-0.0779117,1.77465,0.0017593,-14955,-14955,-14955,-14955,-14955,0,164,27,164,-31,71,27,71,-31,-0.0608817,0.0267073,-0.0255084,0.00912622,0.00638391,0.0309077,-14955,9983,-23157,-1462,1022,-4126,128,258.886,,
96,214,35,214,159,316,35,316,159,-0.197101,1.48136,0.240961,-0.0768645,1.77528,0.0017593,-9284,-9284,-9284,-9284,-9284,0,154,15,154,-38,71,15,71,-38,-0.0377942,0.0194575,-0.0221287,0.0104799,0.0029843,0.0280173,-9284,7273,-20089,-1678,478,-3740,128,244.199,,
81,207,21,207,153,316,21,316,153,-0.203658,1.48136,0.2383,-0.0735134,1.77654,0.0017593,-7213,-7213,-7213,-7213,-7213,0,147,1,147,-44,71,1,71,-44,-0.0293645,0.0168125,-0.0218112,0.0122189,-3.64745e-05,0.0283018,-7213,6284,-19800,-1957,-5,-3778,129,235.03,,
81,207,21,207,153,316,21,316,153,-0.207892,1.48136,0.234714,-0.0718379,1.77717,0.0017593,-7199,-7199,-7199,-7199,-7199,0,147,1,147,-44,71,1,71,-44,-0.0293064,0.0166799,-0.021657,0.012192,-8.92503e-05,0.0283837,-7199,6235,-19660,-1953,-14,-3789,129,235.03,,
74,203,20,203,152,316,20,316,152,-0.211307,1.48136,0.232534,-0.0712096,1.77737,0.0017593,-5619,-5619,-5619,-5619,-5619,0,143,0,143,-45,71,0,71,-45,-0.0228748,0.0139557,-0.0180921,0.0106044,-0.000525729,0.0245948,-5619,5216,-16424,-1698,-84,-3283,130,230.228,,
67,199,19,199,151,316,19,316,151,-0.213629,1.48136,0.229244,-0.0695341,1.77779,0.0017593,-4270,-4270,-4270,-4270,-4270,0,139,-1,139,-46,71,-1,71,-46,-0.0173846,0.0115028,-0.0148248,0.00892653,-0.00085498,0.0206776,-4270,4299,-13458,-1430,-136,-2760,129,225.484,,
60,195,19,195,152,316,19,316,152,-0.217044,1.488,0.226768,-0.0684869,1.77821,0.0017593,-3296,-3296,-3296,-3296,-3296,0,135,-1,135,-45,71,-1,71,-45,-0.0134179,0.00934613,-0.0117793,0.00755817,-0.000867288,0.0175034,-3296,3493,-10693,-1210,-138,-2336,128,220.363,,
60,195,19,195,152,316,19,316,152,-0.219502,1.49599,0.225068,-0.0672302,1.77842,0.0017593,-3336,-3336,-3336,-3336,-3336,0,135,-1,135,-45,71,-1,71,-45,-0.0135836,0.00943281,-0.0118072,0.00761546,-0.000956711,0.0173124,-3336,3526,-10718,-1220,-153,-2311,130,220.363,,
57,193,21,193,155,316,21,316,155,-0.221551,1.49599,0.223774,-0.0663925,1.77842,0.0017593,-2960,-2960,-2960,-2960,-2960,0,133,1,133,-42,71,1,71,-42,-0.0120502,0.00827949,-0.0101085,0.00691525,-0.000541204,0.0163524,-2960,3094,-9176,-1107,-86,-2183,130,217.318,,
60,195,8,195,147,316,8,316,147,-0.22319,1.49599,0.22237,-0.0659736,1.77863,0.0017593,-4064,-4064,-4064,-4064,-4064,0,135,-12,135,-50,71,-12,71,-50,-0.0165477,0.0114674,-0.0156785,0.0105238,-0.00297707,0.0217403,-4064,4286,-14233,-1685,-476,-2902,130,222.405,,
57,193,9,193,148,316,9,316,148,-0.226195,1.49599,0.221298,-0.0651358,1.77884,0.0017593,-3551,-3551,-3551,-3551,-3551,0,133,-11,133,-49,71,-11,71,-49,-0.014459,0.010183,-0.0137172,0.00952071,-0.00264502,0.0199775,-3551,3806,-12452,-1525,-423,-2667,130,219.6,,
55,192,5,192,147,316,5,316,147,-0.226742,1.49599,0.218748,-0.0649264,1.77884,0.0017593,-3592,-3592,-3592,-3592,-3592,0,132,-15,132,-50,71,-15,71,-50,-0.0146242,0.0104072,-0.0143702,0.0103384,-0.00339772,0.0212609,-3592,3890,-13045,-1656,-544,-2838,129,219.329,,
52,190,8,190,147,316,8,316,147,-0.227834,1.49599,0.216937,-0.0630414,1.77905,0.0017593,-2832,-2832,-2832,-2832,-2832,0,130,-12,130,-50,71,-12,71,-50,-0.0115314,0.00866264,-0.011565,0.0081924,-0.00264291,0.0172125,-2832,3238,-10499,-1312,-423,-2297,129,216.365,,
52,190,8,190,147,316,8,316,147,-0.230156,1.49599,0.215532,-0.0615754,1.77926,0.0017593,-2831,-2831,-2831,-2831,-2831,0,130,-12,130,-50,71,-12,71,-50,-0.0115247,0.00864624,-0.0115434,0.0081903,-0.00266694,0.0172204,-2831,3232,-10479,-1312,-427,-2299,128,216.365,,
50,188,7,188,147,316,7,316,147,-0.231659,1.49599,0.213536,-0.0605282,1.77926,0.0017593,-2549,-2549,-2549,-2549,-2549,0,128,-13,128,-50,71,-13,71,-50,-0.0103786,0.0079743,-0.0106253,0.00762218,-0.00265746,0.0160007,-2549,2980,-9645,-1221,-425,-2136,128,214.142,,
48,187,5,187,146,316,5,316,146,-0.231932,1.50703,0.212021,-0.0592715,1.77926,0.0017593,-2476,-2476,-2476,-2476,-2476,0,127,-15,127,-51,71,-15,71,-51,-0.0100805,0.00790347,-0.0105188,0.00773762,-0.00301932,0.0156276,-2476,2954,-9549,-1239,-483,-2086,128,213.579,,
48,187,9,187,153,316,9,316,153,-0.232888,1.50784,0.210875,-0.0584338,1.77926,0.0017593,-2743,-2743,-2743,-2743,-2743,0,127,-11,127,-44,71,-11,71,-44,-0.01117,0.00781966,-0.0102148,0.00846343,-0.002376,0.0183687,-2743,2923,-9273,-1355,-380,-2452,128,211.279,,
51,189,2,189,147,316,2,316,147,-0.233844,1.50784,0.209729,-0.057596,1.77926,0.0017593,-3259,-3259,-3259,-3259,-3259,0,129,-18,129,-50,71,-18,71,-50,-0.01327,0.00970282,-0.0133665,0.0101481,-0.00397995,0.0202918,-3259,3627,-12134,-1625,-637,-2709,130,216.416,,
50,188,2,188,147,316,2,316,147,-0.235347,1.50784,0.207881,-0.0565488,1.77926,0.0017593,-3062,-3062,-3062,-3062,-3062,0,128,-18,128,-50,71,-18,71,-50,-0.012465,0.00922777,-0.0126597,0.00965389,-0.00387004,0.0193657,-3062,3449,-11492,-1546,-620,-2585,131,215.225,,
50,188,2,188,147,316,2,316,147,-0.237123,1.50784,0.206403,-0.0548733,1.77905,0.0017593,-3058,-3058,-3058,-3058,-3058,0,128,-18,128,-50,71,-18,71,-50,-0.0124518,0.00921449,-0.0126391,0.00964137,-0.00390287,0.0193779,-3058,3444,-11474,-1544,-625,-2587,130,215.225,,
45,184,2,184,148,316,2,316,148,-0.238215,1.50784,0.204925,-0.0536166,1.77905,0.0017593,-2395,-2395,-2395,-2395,-2395,0,124,-18,124,-49,71,-18,71,-49,-0.00975289,0.00752671,-0.0101532,0.00813792,-0.00343736,0.016581,-2395,2813,-9217,-1303,-550,-2213,127,210.255,,
43,183,2,183,148,316,2,316,148,-0.239171,1.50784,0.203631,-0.0525694,1.77905,0.0017593,-2200,-2200,-2200,-2200,-2200,0,123,-18,123,-49,71,-18,71,-49,-0.00895617,0.00704052,-0.00944372,0.0077239,-0.00333828,0.0158137,-2200,2631,-8573,-1237,-534,-2111,128,209.077,,
43,183,2,183,147,316,2,316,147,-0.240401,1.50784,0.201894,-0.0513128,1.77905,0.0017593,-2118,-2118,-2118,-2118,-2118,0,123,-18,123,-50,71,-18,71,-50,-0.00862299,0.00690942,-0.00923794,0.00738447,-0.00330241,0.0150482,-2118,2582,-8386,-1183,-529,-2009,129,209.313,,
40,180,3,180,148,316,3,316,148,-0.241903,1.50784,0.200416,-0.050475,1.77905,0.0017593,-1678,-1678,-1678,-1678,-1678,0,120,-17,120,-49,71,-17,71,-49,-0.00683216,0.00568386,-0.00743058,0.00599094,-0.00270402,0.012384,-1678,2124,-6745,-959,-433,-1653,128,205.305,,
40,180,3,180,148,316,3,316,148,-0.242176,1.50784,0.199565,-0.049009,1.77905,0.0017593,-1677,-1677,-1677,-1677,-1677,0,120,-17,120,-49,71,-17,71,-49,-0.00682776,0.00568719,-0.0074319,0.00598341,-0.00272296,0.0123872,-1677,2125,-6746,-958,-436,-1653,130,205.305,,
40,180,2,180,149,316,2,316,149,-0.242996,1.50784,0.199011,-0.0485901,1.77905,0.0017593,-1828,-1828,-1828,-1828,-1828,0,120,-18,120,-48,71,-18,71,-48,-0.00744192,0.00601271,-0.0079584,0.00668696,-0.00301133,0.0138904,-1828,2247,-7224,-1071,-482,-1854,127,205.324,,
39,179,2,179,147,316,2,316,147,-0.244089,1.50855,0.197607,-0.0475429,1.77905,0.0017593,-1544,-1544,-1544,-1544,-1544,0,119,-18,119,-50,71,-18,71,-50,-0.0062867,0.00539419,-0.00702971,0.00558811,-0.00271567,0.0114294,-1544,2016,-6381,-895,-435,-1525,128,204.636,,
39,179,2,179,146,316,2,316,146,-0.245591,1.51924,0.196683,-0.047124,1.77905,0.0017593,-1495,-1495,-1495,-1495,-1495,0,119,-18,119,-51,71,-18,71,-51,-0.00608609,0.00531722,-0.00683159,0.00529889,-0.00266488,0.0104793,-1495,1987,-6201,-848,-426,-1399,129,204.883,,
39,179,2,179,146,316,2,316,146,-0.24723,1.51924,0.195537,-0.0464957,1.77905,0.0017593,-1494,-1494,-1494,-1494,-1494,0,119,-18,119,-51,71,-18,71,-51,-0.00608286,0.0053095,-0.00682121,0.00529616,-0.00267102,0.0104834,-1494,1984,-6192,-848,-427,-1399,130,204.883,,
39,179,1,179,147,316,1,316,147,-0.247503,1.51924,0.194502,-0.0460768,1.77905,0.0017593,-1648,-1648,-1648,-1648,-1648,0,119,-19,119,-50,71,-19,71,-50,-0.00671279,0.00566565,-0.00738949,0.00603097,-0.00299947,0.01201,-1648,2117,-6708,-966,-480,-1603,126,204.907,,
39,179,1,179,147,316,1,316,147,-0.247913,1.51924,0.19428,-0.0458674,1.77905,0.0017593,-1648,-1648,-1648,-1648,-1648,0,119,-19,119,-50,71,-19,71,-50,-0.00671216,0.00566409,-0.0073873,0.00603072,-0.00300175,0.0120105,-1648,2117,-6706,-966,-480,-1603,128,204.907,,
38,178,1,178,147,316,1,316,147,-0.248869,1.51924,0.193504,-0.0450296,1.77905,0.0017593,-1516,-1516,-1516,-1516,-1516,0,118,-19,118,-50,71,-19,71,-50,-0.00617176,0.00530045,-0.00686636,0.00559328,-0.00283807,0.0111441,-1516,1981,-6233,-896,-454,-1487,128,203.747,,
38,178,1,178,147,316,1,316,147,-0.250099,1.51924,0.192728,-0.0435635,1.77905,0.0017593,-1515,-1515,-1515,-1515,-1515,0,118,-19,118,-50,71,-19,71,-50,-0.00616958,0.00530025,-0.006864,0.00559112,-0.00285392,0.0111438,-1515,1981,-6231,-895,-457,-1487,129,203.747,,
37,177,1,177,149,316,1,316,149,-0.252011,1.51924,0.192026,-0.0431446,1.77884,0.0017593,-1531,-1531,-1531,-1531,-1531,0,117,-19,117,-48,71,-19,71,-48,-0.00623425,0.00521337,-0.00677253,0.0058332,-0.00287049,0.0118151,-1531,1948,-6148,-934,-459,-1577,129,202.106,,
37,177,1,177,149,316,1,316,149,-0.252421,1.51924,0.190695,-0.0425163,1.77884,0.0017593,-1529,-1529,-1529,-1529,-1529,0,117,-19,117,-48,71,-19,71,-48,-0.00622757,0.00520921,-0.00676563,0.00582285,-0.00287931,0.0118244,-1529,1947,-6142,-932,-461,-1578,127,202.106,,
36,176,1,176,149,316,1,316,149,-0.252831,1.51924,0.189697,-0.041888,1.77884,0.0017593,-1405,-1405,-1405,-1405,-1405,0,116,-19,116,-48,71,-19,71,-48,-0.00572123,0.00487042,-0.00628425,0.00539916,-0.002721,0.0109813,-1405,1820,-5705,-864,-435,-1466,128,200.95,,
35,175,1,175,149,316,1,316,149,-0.253377,1.51924,0.188884,-0.0412597,1.77884,0.0017593,-1286,-1286,-1286,-1286,-1286,0,115,-19,115,-48,71,-19,71,-48,-0.00523706,0.0045403,-0.00581735,0.00498316,-0.00255946,0.010144,-1286,1697,-5281,-798,-410,-1354,130,199.797,,
33,172,1,172,151,316,1,316,151,-0.256518,1.51924,0.187886,-0.040003,1.77884,0.0017593,-1107,-1107,-1107,-1107,-1107,0,112,-19,112,-46,71,-19,71,-46,-0.00450836,0.00392312,-0.00497646,0.00441021,-0.00225385,0.009084,-1107,1466,-4517,-706,-361,-1212,127,195.88,,
31,170,1,170,150,316,1,316,150,-0.257338,1.51924,0.187701,-0.0391653,1.77884,0.0017593,-845,-845,-845,-845,-845,0,110,-19,110,-47,71,-19,71,-47,-0.00344255,0.00320833,-0.00396792,0.00331882,-0.00182085,0.00675486,-845,1199,-3602,-531,-291,-901,128,193.84,,
31,170,1,170,150,316,1,316,150,-0.257338,1.51924,0.187664,-0.0391653,1.77884,0.0017593,-845,-845,-845,-845,-845,0,110,-19,110,-47,71,-19,71,-47,-0.00344244,0.00320824,-0.00396779,0.00331864,-0.00182088,0.00675505,-845,1199,-3602,-531,-291,-901,132,193.84,,
32,171,1,171,149,316,1,316,149,-0.257338,1.51924,0.187073,-0.0389558,1.77884,0.0017593,-878,-878,-878,-878,-878,0,111,-19,111,-48,71,-19,71,-48,-0.00357645,0.00335464,-0.00415129,0.00336185,-0.00187319,0.0067941,-878,1254,-3768,-538,-300,-907,127,195.22,,
31,170,1,170,150,316,1,316,150,-0.257338,1.51924,0.186814,-0.0387464,1.77884,0.0017593,-844,-844,-844,-844,-844,0,110,-19,110,-47,71,-19,71,-47,-0.00343984,0.00320747,-0.00396608,0.00331417,-0.00182443,0.00675861,-844,1198,-3600,-530,-292,-902,127,193.84,,
32,171,1,171,150,316,1,316,150,-0.257338,1.51924,0.186592,-0.0387464,1.77884,0.0017593,-941,-941,-941,-941,-941,0,111,-19,111,-47,71,-19,71,-47,-0.00383426,0.00349557,-0.00436461,0.00369485,-0.0019948,0.00755006,-941,1306,-3962,-591,-319,-1007,127,194.977,,
32,171,1,171,150,316,1,316,150,-0.257338,1.51924,0.186556,-0.0387464,1.77884,0.0017593,-941,-941,-941,-941,-941,0,111,-19,111,-47,71,-19,71,-47,-0.00383413,0.00349547,-0.00436446,0.00369464,-0.00199484,0.00755027,-941,1306,-3962,-591,-319,-1007,130,194.977,,
31,170,1,170,150,316,1,316,150,-0.257338,1.51924,0.186112,-0.038537,1.77884,0.0017593,-844,-844,-844,-844,-844,0,110,-19,110,-47,71,-19,71,-47,-0.00343769,0.00320641,-0.00396426,0.00331052,-0.00182644,0.0067618,-844,1198,-3598,-530,-292,-902,129,193.84,,
34,174,1,174,158,316,1,316,158,-0.257338,1.51924,0.184966,-0.0368614,1.77884,0.0017593,-1701,-1701,-1701,-1701,-1701,0,114,-19,114,-39,71,-19,71,-39,-0.0069273,0.00513173,-0.0067071,0.00713656,-0.00298527,0.0156405,-1701,1918,-6088,-1143,-478,-2088,127,196.667,,
34,174,1,174,158,316,1,316,158,-0.257338,1.51924,0.184929,-0.036652,1.77884,0.0017593,-1701,-1701,-1701,-1701,-1701,0,114,-19,114,-39,71,-19,71,-39,-0.00692706,0.00513298,-0.00670824,0.00713598,-0.00298857,0.0156403,-1701,1918,-6089,-1143,-478,-2088,129,196.667,,
31,170,1,170,158,316,1,316,158,-0.257338,1.51924,0.184079,-0.0360237,1.77884,0.0017593,-1289,-1289,-1289,-1289,-1289,0,110,-19,110,-39,71,-19,71,-39,-0.00524826,0.00409061,-0.00526285,0.00563485,-0.00248786,0.0123586,-1289,1529,-4777,-902,-398,-1649,129,192.057,,
30,168,2,168,159,316,2,316,159,-0.257338,1.51924,0.183118,-0.0358142,1.77884,0.0017593,-1112,-1112,-1112,-1112,-1112,0,108,-18,108,-38,71,-18,71,-38,-0.00453081,0.00356311,-0.00451781,0.00485247,-0.00209776,0.0107886,-1112,1331,-4101,-777,-336,-1440,131,189.278,,
29,167,1,167,155,316,1,316,155,-0.257884,1.51924,0.182638,-0.0351859,1.77863,0.0017593,-870,-870,-870,-870,-870,0,107,-19,107,-42,71,-19,71,-42,-0.00354497,0.00307713,-0.00384761,0.00372792,-0.00188791,0.00798765,-870,1150,-3492,-597,-302,-1066,131,189.28,,
29,167,1,167,155,316,1,316,155,-0.262255,1.51924,0.182194,-0.0345576,1.77863,0.0017593,-871,-871,-871,-871,-871,0,107,-19,107,-42,71,-19,71,-42,-0.00354735,0.00306946,-0.00383858,0.00373595,-0.00188967,0.00798315,-871,1147,-3484,-598,-302,-1065,128,189.28,,
28,164,2,164,154,316,2,316,154,-0.262802,1.51924,0.181862,-0.0337198,1.77863,0.0017593,-546,-546,-546,-546,-546,0,104,-18,104,-43,71,-18,71,-43,-0.00222449,0.0021514,-0.00254355,0.00204519,-0.00115303,0.00429043,-546,804,-2309,-327,-184,-572,128,185.836,,
28,162,1,162,150,313,1,313,150,-0.262938,1.52938,0.181012,-0.033301,1.77842,0.0017593,-444,-444,-444,-444,-444,0,102,-19,102,-47,68,-19,68,-47,-0.00181049,0.00198001,-0.00225149,0.00145053,-0.00101111,0.00278745,-444,740,-2043,-232,-161,-372,130,182.614,,
28,163,1,163,147,315,1,315,147,-0.262938,1.52938,0.180975,-0.0328821,1.77821,0.0017593,-195,-195,-195,-195,-195,0,103,-19,103,-50,70,-19,70,-50,-0.000797382,0.00124351,-0.00116747,-4.17889e-06,-0.000267793,-0.00020487,-195,464,-1059,0,-42,27,128,186.013,,
28,163,1,163,147,315,1,315,147,-0.262938,1.52938,0.180827,-0.0326726,1.778,0.0017593,-195,-195,-195,-195,-195,0,103,-19,103,-50,70,-19,70,-50,-0.000797313,0.00124353,-0.00116746,-4.09064e-06,-0.00026777,-0.000204842,-195,464,-1059,0,-42,27,130,186.013,,
28,162,1,162,150,314,1,314,150,-0.262938,1.52938,0.180753,-0.0322538,1.778,0.0017593,-380,-380,-380,-380,-380,0,102,-19,102,-47,69,-19,69,-47,-0.00154761,0.00176422,-0.00194741,0.00108512,-0.000819082,0.00204622,-380,659,-1767,-173,-131,-273,131,183.363,,
27,161,1,161,151,315,1,315,151,-0.262938,1.52938,0.180642,-0.0320443,1.778,0.0017593,-304,-304,-304,-304,-304,0,101,-19,101,-46,70,-19,70,-46,-0.00123895,0.00146885,-0.00156444,0.000735281,-0.000616145,0.0013546,-304,549,-1420,-117,-98,-180,130,182.759,,
27,161,1,161,154,314,1,314,154,-0.262938,1.52938,0.180161,-0.0318349,1.778,0.0017593,-529,-529,-529,-529,-529,0,101,-19,101,-43,69,-19,69,-43,-0.00215687,0.00210386,-0.00248281,0.00205314,-0.00122683,0.00417653,-529,786,-2253,-328,-196,-557,125,181.262,,
26,161,1,161,155,316,1,316,155,-0.262938,1.52938,0.17994,-0.0316254,1.778,0.0017593,-452,-452,-452,-452,-452,0,101,-19,101,-42,71,-19,71,-42,-0.00184202,0.00180655,-0.00209103,0.00169563,-0.00101411,0.00347562,-452,675,-1898,-271,-162,-464,127,182.568,,
26,161,1,161,155,316,1,316,155,-0.262938,1.52938,0.179866,-0.0316254,1.778,0.0017593,-452,-452,-452,-452,-452,0,101,-19,101,-42,71,-19,71,-42,-0.00184189,0.00180646,-0.00209091,0.00169544,-0.00101414,0.00347581,-452,675,-1898,-271,-162,-464,128,182.568,,
26,161,1,161,154,316,1,316,154,-0.262938,1.52938,0.179718,-0.0316254,1.778,0.0017593,-400,-400,-400,-400,-400,0,101,-19,101,-43,71,-19,71,-43,-0.00163122,0.00167398,-0.00189826,0.00138656,-0.000886402,0.00279441,-400,625,-1723,-222,-142,-373,128,182.8,,
26,161,1,161,154,316,1,316,154,-0.262938,1.52938,0.179533,-0.0316254,1.778,0.0017593,-400,-400,-400,-400,-400,0,101,-19,101,-43,71,-19,71,-43,-0.00163097,0.00167379,-0.001898,0.00138618,-0.000886466,0.00279482,-400,625,-1723,-222,-142,-373,129,182.8,,
27,162,1,162,152,316,1,316,152,-0.262938,1.52938,0.179274,-0.031416,1.778,0.0017593,-362,-362,-362,-362,-362,0,102,-19,102,-45,71,-19,71,-45,-0.00147495,0.00162049,-0.00178665,0.00106902,-0.000767648,0.00207709,-362,605,-1621,-171,-122,-277,128,184.385,,
27,163,1,163,153,316,1,316,153,-0.262938,1.52938,0.178942,-0.031416,1.778,0.0017593,-479,-479,-479,-479,-479,0,103,-19,103,-44,71,-19,71,-44,-0.00195331,0.00196114,-0.00226949,0.00174015,-0.00107713,0.00351862,-479,733,-2060,-278,-172,-469,129,185.254,,
27,163,1,163,152,316,1,316,152,-0.262938,1.52938,0.178646,-0.0312066,1.778,0.0017593,-424,-424,-424,-424,-424,0,103,-19,103,-45,71,-19,71,-45,-0.00172802,0.00181891,-0.00206072,0.00141562,-0.000938615,0.00281089,-424,679,-1870,-226,-150,-375,128,185.494,,
27,163,1,163,152,316,1,316,152,-0.262938,1.52938,0.17835,-0.0309971,1.778,0.0017593,-424,-424,-424,-424,-424,0,103,-19,103,-45,71,-19,71,-45,-0.00172761,0.0018189,-0.00206056,0.00141497,-0.000939318,0.00281137,-424,679,-1870,-226,-150,-375,129,185.494,,
27,162,1,162,152,315,1,315,152,-0.262938,1.52938,0.178092,-0.0309971,1.778,0.0017593,-422,-422,-422,-422,-422,0,102,-19,102,-45,70,-19,70,-45,-0.00171964,0.00182094,-0.00206535,0.00141343,-0.000948287,0.00280136,-422,680,-1874,-226,-151,-373,129,183.619,,
27,163,1,163,153,316,1,316,153,-0.262938,1.52938,0.177759,-0.0309971,1.778,0.0017593,-479,-479,-479,-479,-479,0,103,-19,103,-44,71,-19,71,-44,-0.00195133,0.00196038,-0.00226807,0.00173696,-0.00107914,0.00352141,-479,732,-2059,-278,-172,-470,129,185.254,,
27,163,1,163,153,316,1,316,153,-0.262938,1.52938,0.177426,-0.0305782,1.778,0.0017593,-479,-479,-479,-479,-479,0,103,-19,103,-44,71,-19,71,-44,-0.00195078,0.00196067,-0.00226815,0.00173599,-0.00108076,0.00352186,-479,732,-2059,-278,-173,-470,130,185.254,,
28,163,1,163,153,315,1,315,153,-0.262938,1.52938,0.177352,-0.0303688,1.778,0.0017593,-553,-553,-553,-553,-553,0,103,-19,103,-44,70,-19,70,-44,-0.00225151,0.00220688,-0.0025989,0.00206975,-0.00125768,0.00420895,-553,824,-2359,-331,-201,-561,129,184.491,,
28,163,1,163,153,315,1,315,153,-0.262938,1.52938,0.177131,-0.0301594,1.778,0.0017593,-552,-552,-552,-552,-552,0,103,-19,103,-44,70,-19,70,-44,-0.00225107,0.00220697,-0.00259883,0.002069,-0.00125868,0.0042094,-552,824,-2359,-331,-201,-561,128,184.491,,
27,162,1,162,152,315,1,315,152,-0.262938,1.52938,0.176761,-0.0299499,1.778,0.0017593,-421,-421,-421,-421,-421,0,102,-19,102,-45,70,-19,70,-45,-0.00171779,0.00182105,-0.00206479,0.00141048,-0.000951744,0.00280337,-421,680,-1874,-225,-152,-374,130,183.619,,
28,163,1,163,153,315,1,315,153,-0.262938,1.52938,0.176539,-0.0297405,1.778,0.0017593,-552,-552,-552,-552,-552,0,103,-19,103,-44,70,-19,70,-44,-0.00224991,0.00220693,-0.00259837,0.00206703,-0.00126077,0.00421078,-552,824,-2358,-331,-201,-562,131,184.491,,
27,162,1,162,155,316,1,316,155,-0.262938,1.52938,0.176207,-0.029531,1.77779,0.0017593,-522,-522,-522,-522,-522,0,102,-19,102,-42,71,-19,71,-42,-0.00212724,0.00203184,-0.00238747,0.00200458,-0.00117622,0.00416356,-522,759,-2167,-321,-188,-555,127,183.676,,
27,163,1,163,156,316,1,316,156,-0.262938,1.52938,0.175985,-0.0291122,1.77737,0.0017593,-635,-635,-635,-635,-635,0,103,-19,103,-41,71,-19,71,-41,-0.00258603,0.00234289,-0.00282195,0.00263732,-0.00144417,0.00558122,-635,875,-2561,-422,-231,-745,127,184.564,,
27,163,1,163,156,316,1,316,156,-0.262938,1.52938,0.175948,-0.0291122,1.77717,0.0017593,-635,-635,-635,-635,-635,0,103,-19,103,-41,71,-19,71,-41,-0.00258546,0.00234256,-0.00282146,0.00263613,-0.00144432,0.0055816,-635,875,-2561,-422,-231,-745,128,184.564,,
26,161,1,161,156,316,1,316,156,-0.262938,1.52938,0.1758,-0.0291122,1.77696,0.0017593,-500,-500,-500,-500,-500,0,101,-19,101,-41,71,-19,71,-41,-0.00203767,0.00192979,-0.00226721,0.00197741,-0.00114406,0.0041565,-500,721,-2058,-316,-183,-554,129,182.34,,
26,159,1,159,155,315,1,315,155,-0.262938,1.52938,0.175283,-0.0289027,1.77675,0.0017593,-390,-390,-390,-390,-390,0,99,-19,99,-42,70,-19,70,-42,-0.00158834,0.00162293,-0.00183968,0.00134935,-0.000878278,0.00276177,-390,606,-1670,-216,-140,-368,130,179.58,,
26,158,1,158,155,314,1,314,155,-0.262938,1.52938,0.175061,-0.0286933,1.77654,0.0017593,-388,-388,-388,-388,-388,0,98,-19,98,-42,69,-19,69,-42,-0.00157995,0.00162455,-0.0018436,0.00134638,-0.000887127,0.0027496,-388,607,-1673,-215,-142,-367,131,177.699,,
25,156,1,156,155,314,1,314,155,-0.262938,1.52938,0.174876,-0.0284838,1.77654,0.0017593,-268,-268,-268,-268,-268,0,96,-19,96,-42,69,-19,69,-42,-0.00109427,0.00123014,-0.00131561,0.000725486,-0.000572286,0.00142184,-268,459,-1194,-116,-91,-189,130,175.502,,
25,154,1,154,154,311,1,311,154,-0.262938,1.52938,0.174617,-0.0282744,1.77654,0.0017593,-268,-268,-268,-268,-268,0,94,-19,94,-43,66,-19,66,-43,-0.00109128,0.001271,-0.00136336,0.000728974,-0.000600987,0.0014029,-268,475,-1237,-116,-96,-187,129,171.219,,
25,154,1,154,154,311,1,311,154,-0.262938,1.52938,0.174322,-0.0278555,1.77654,0.0017593,-268,-268,-268,-268,-268,0,94,-19,94,-43,66,-19,66,-43,-0.00109105,0.00127117,-0.00136343,0.000728626,-0.000601645,0.00140301,-268,475,-1237,-116,-96,-187,130,171.219,,
25,153,1,153,152,311,1,311,152,-0.262938,1.52938,0.174063,-0.0276461,1.77633,0.0017593,-111,-111,-111,-111,-111,0,93,-19,93,-45,66,-19,66,-45,-0.000455096,0.000782809,-0.000663257,-0.000220614,-8.95534e-05,-0.000608819,-111,292,-602,35,-14,81,129,170.64,,
24,151,1,151,153,313,1,313,153,-0.262938,1.52938,0.173767,-0.0276461,1.77633,0.0017593,38,38,38,38,38,0,91,-19,91,-44,68,-19,68,-44,0.000156163,0.000212921,9.04491e-05,-0.00107697,0.000403677,-0.00240452,38,79,82,172,64,321,129,169.791,,
25,152,1,152,154,310,1,310,154,-0.262938,1.52938,0.173583,-0.0276461,1.77612,0.0017593,-212,-212,-212,-212,-212,0,92,-19,92,-43,65,-19,65,-43,-0.000866637,0.00108877,-0.00111359,0.000416048,-0.000437134,0.000739353,-212,406,-1010,-66,-70,-98,131,168.256,,
25,152,1,152,153,312,1,312,153,-0.262938,1.52938,0.173509,-0.0276461,1.77612,0.0017593,-61,-61,-61,-61,-61,0,92,-19,92,-44,67,-19,67,-44,-0.000250391,0.000582752,-0.000401216,-0.000500505,7.0808e-05,-0.00119657,-61,217,-364,80,11,159,130,170.074,,
25,152,1,152,153,312,1,312,153,-0.262938,1.52938,0.173398,-0.0276461,1.77591,0.0017593,-61,-61,-61,-61,-61,0,92,-19,92,-44,67,-19,67,-44,-0.000250471,0.000582815,-0.000401311,-0.000500152,7.08365e-05,-0.00119663,-61,217,-364,80,11,159,129,170.074,,
24,151,1,151,155,312,1,312,155,-0.262938,1.52938,0.17325,-0.0276461,1.77591,0.0017593,-107,-107,-107,-107,-107,0,91,-19,91,-42,67,-19,67,-42,-0.00043703,0.000683134,-0.000582494,-0.000160946,-0.000104152,-0.000471634,-107,255,-528,25,-16,62,126,168.484,,
25,150,1,150,156,310,1,310,156,-0.262938,1.52938,0.173176,-0.0276461,1.77591,0.0017593,-207,-207,-207,-207,-207,0,90,-19,90,-41,65,-19,65,-41,-0.000842883,0.00101932,-0.00104334,0.000417566,-0.000422267,0.000762732,-207,381,-947,-66,-67,-101,128,165.572,,
25,150,1,150,156,310,1,310,156,-0.262938,1.52938,0.173139,-0.0276461,1.7757,0.0017593,-207,-207,-207,-207,-207,0,90,-19,90,-41,65,-19,65,-41,-0.000842772,0.00101926,-0.00104324,0.000417416,-0.000422301,0.000762822,-207,381,-947,-66,-67,-101,129,165.572,,
24,149,1,149,157,312,1,312,157,-0.262938,1.52938,0.172917,-0.0276461,1.7757,0.0017593,-106,-106,-106,-106,-106,0,89,-19,89,-40,67,-19,67,-40,-0.000433434,0.000636854,-0.000544498,-0.000128564,-0.000114177,-0.000396652,-106,238,-494,20,-18,52,127,165.84,,
24,149,1,149,157,312,1,312,157,-0.262938,1.52938,0.17288,-0.0276461,1.7757,0.0017593,-106,-106,-106,-106,-106,0,89,-19,89,-40,67,-19,67,-40,-0.000433432,0.000636857,-0.000544501,-0.00012855,-0.000114177,-0.000396652,-106,238,-494,20,-18,52,131,165.84,,
24,149,1,149,157,314,1,314,157,-0.264851,1.52938,0.172843,-0.0274366,1.7757,0.0017593,-18,-18,-18,-18,-18,0,89,-19,89,-40,69,-19,69,-40,-7.35617e-05,0.000331899,-0.000128832,-0.000664798,0.000165949,-0.00155839,-18,124,-116,106,26,208,130,167.472,,
24,148,1,148,157,309,1,309,157,-0.268675,1.52938,0.172806,-0.0274366,1.7757,0.0017593,-197,-197,-197,-197,-197,0,88,-19,88,-40,64,-19,64,-40,-0.000802434,0.000952957,-0.000978447,0.000426788,-0.000414937,0.00079067,-197,356,-888,-68,-66,-105,128,162.367,,
24,143,1,143,155,307,1,307,155,-0.269085,1.52938,0.172696,-0.0274366,1.7757,0.0017593,32,32,32,32,32,0,83,-19,83,-42,62,-19,62,-42,0.000133961,0.000181958,0.000106153,-0.000968811,0.000381701,-0.00214207,32,68,96,155,61,285,128,155.926,,
24,143,1,143,155,307,1,307,155,-0.269085,1.52938,0.172659,-0.0274366,1.77549,0.0017593,32,32,32,32,32,0,83,-19,83,-42,62,-19,62,-42,0.000133808,0.000182051,0.000106002,-0.000968332,0.000381754,-0.00214216,32,68,96,155,61,285,129,155.926,,
24,142,1,142,155,310,1,310,155,-0.269085,1.52938,0.172548,-0.0272272,1.77549,0.0017593,200,200,200,200,200,0,82,-19,82,-42,65,-19,65,-42,0.000814496,-0.000424558,0.000940512,-0.00198516,0.00097144,-0.004272,200,-158,853,318,155,570,127,157.305,,
24,143,1,143,154,308,1,308,154,-0.269085,1.52938,0.172548,-0.0272272,1.77549,0.0017593,123,123,123,123,123,0,83,-19,83,-43,63,-19,63,-43,0.000501323,-0.000131576,0.000553888,-0.00153797,0.000727441,-0.00331422,123,-49,502,246,116,442,128,156.997,,
24,143,1,143,151,307,1,307,151,-0.269085,1.52938,0.172548,-0.0272272,1.77549,0.0017593,228,228,228,228,228,0,83,-19,83,-46,62,-19,62,-46,0.000930995,-0.000489763,0.00110263,-0.00224451,0.00122127,-0.00467985,228,-183,1000,359,195,624,129,157.051,,
24,143,1,143,151,307,1,307,151,-0.269085,1.52938,0.172548,-0.0272272,1.77549,0.0017593,228,228,228,228,228,0,83,-19,83,-46,62,-19,62,-46,0.000930995,-0.000489763,0.00110263,-0.00224451,0.00122127,-0.00467985,228,-183,1000,359,195,624,129,157.051,,
24,142,1,142,152,310,1,310,152,-0.269085,1.52938,0.172548,-0.0272272,1.77549,0.0017593,346,346,346,346,346,0,82,-19,82,-45,65,-19,65,-45,0.00140967,-0.000935235,0.00169951,-0.00294214,0.00161593,-0.00615058,346,-349,1542,471,258,821,128,158.133,,
25,142,1,142,151,301,1,301,151,-0.269085,1.52938,0.172548,-0.0272272,1.77549,0.0017593,-2,-2,-2,-2,-2,0,82,-19,82,-46,56,-19,56,-46,-1.08957e-05,0.000405984,-0.000123783,-0.0008205,0.000324603,-0.00178338,-2,151,-112,131,52,238,130,151.39,,
24,141,1,141,151,309,1,309,151,-0.269085,1.52938,0.172548,-0.0272272,1.77549,0.0017593,395,395,395,395,395,0,81,-19,81,-46,64,-19,64,-46,0.00161027,-0.00112742,0.00198846,-0.00326517,0.00187473,-0.00673897,395,-421,1805,523,300,899,129,156.566,,
24,141,1,141,151,309,1,309,151,-0.269085,1.52938,0.172548,-0.0272272,1.77549,0.0017593,395,395,395,395,395,0,81,-19,81,-46,64,-19,64,-46,0.00161027,-0.00112742,0.00198846,-0.00326517,0.00187473,-0.00673897,395,-421,1805,523,300,899,128,156.566,,
24,138,1,138,150,301,1,301,150,-0.269085,1.52938,0.172548,-0.0272272,1.77549,0.0017593,230,230,230,230,230,0,78,-19,78,-47,56,-19,56,-47,0.000938199,-0.000534664,0.00119458,-0.00225451,0.001363,-0.00455608,230,-199,1084,361,218,608,128,147.418,,
24,139,1,139,147,304,1,304,147,-0.269085,1.52938,0.172548,-0.0272272,1.77549,0.0017593,479,479,479,479,479,0,79,-19,79,-50,59,-19,59,-50,0.00195079,-0.00149328,0.00259759,-0.0038845,0.0025429,-0.00766084,479,-558,2358,622,407,1022,127,151.746,,
24,139,1,139,147,304,1,304,147,-0.269085,1.52938,0.172548,-0.0272272,1.77549,0.0017593,479,479,479,479,479,0,79,-19,79,-50,59,-19,59,-50,0.00195079,-0.00149328,0.00259759,-0.0038845,0.0025429,-0.00766084,479,-558,2358,622,407,1022,129,151.746,,
24,140,1,140,151,309,1,309,151,-0.269085,1.52938,0.172548,-0.0272272,1.77549,0.0017593,433,433,433,433,433,0,80,-19,80,-46,64,-19,64,-46,0.00176651,-0.00128207,0.00220461,-0.00349803,0.00203928,-0.00719336,433,-479,2001,560,326,960,125,155.535,,
24,140,1,140,151,309,1,309,151,-0.269085,1.52938,0.172548,-0.0272272,1.77549,0.0017593,433,433,433,433,433,0,80,-19,80,-46,64,-19,64,-46,0.00176651,-0.00128207,0.00220461,-0.00349803,0.00203928,-0.00719336,433,-479,2001,560,326,960,128,155.535,,
24,139,1,139,148,301,1,301,148,-0.269085,1.52938,0.172548,-0.0272272,1.77549,0.0017593,292,292,292,292,292,0,79,-19,79,-49,56,-19,56,-49,0.00119038,-0.000759608,0.00154885,-0.00269057,0.00170451,-0.0053526,292,-283,1406,431,273,714,129,149.124,,
24,134,1,134,151,298,1,298,151,-0.269085,1.52938,0.172548,-0.0272272,1.77549,0.0017593,217,217,217,217,217,0,74,-19,74,-46,53,-19,53,-46,0.000885552,-0.000528006,0.00117367,-0.00213637,0.00133909,-0.00427433,217,-197,1065,342,214,570,129,140.602,,
90,62,7,62,103,167,7,167,103,-0.269085,1.52938,0.172548,-0.0272272,1.77549,0.0017593,-1712,-1712,-1712,-1712,-1712,0,2,-13,2,-94,-78,-13,-78,-94,-0.00697164,0.0094366,-0.00228703,-0.000898908,0.00414826,0.00486643,-1712,3527,-2076,144,664,-649,128,146.694,,
90,62,7,62,103,167,7,167,103,-0.269085,1.52938,0.172548,-0.0272272,1.77549,0.0017593,-1712,-1712,-1712,-1712,-1712,0,2,-13,2,-94,-78,-13,-78,-94,-0.00697164,0.0094366,-0.00228703,-0.000898908,0.00414826,0.00486643,-1712,3527,-2076,144,664,-649,130,146.694,,
90,66,18,66,122,171,18,171,122,-0.269085,1.52938,0.172548,-0.0272272,1.77549,0.0017593,605,605,605,605,605,0,6,-2,6,-75,-74,-2,-74,-75,0.00246536,0.0112066,-0.0143037,-0.000736626,-0.00326012,-0.00648153,605,4189,-12985,118,-522,865,130,129.077,,
94,71,35,71,141,174,35,174,141,-0.269085,1.52938,0.172548,-0.0272272,1.77549,0.0017593,1991,1991,1991,1991,1991,0,11,15,11,-56,-71,15,-71,-56,0.00810886,0.00917993,-0.0126391,-0.00238397,-0.00285092,-0.0113997,1991,3431,-11474,381,-456,1521,129,118.891,,
94,72,58,72,156,175,58,175,156,-0.269085,1.54078,0.172548,-0.0272272,1.77549,0.0017593,-732,-732,-732,-732,-732,0,12,38,12,-41,-70,38,-70,-41,-0.00298377,0.0127699,-0.0133932,-0.000408187,0.000283784,-0.00139935,-732,4773,-12158,65,45,186,129,126.89,,
94,72,58,72,156,175,58,175,156,-0.269085,1.54195,0.17118,-0.0272272,1.77549,0.0017593,-733,-733,-733,-733,-733,0,12,38,12,-41,-70,38,-70,-41,-0.00298701,0.0127698,-0.0133781,-0.000408962,0.000268704,-0.00140223,-733,4773,-12145,65,43,187,130,126.89,,
79,75,59,75,158,185,59,185,158,-0.269085,1.54195,0.170034,-0.0272272,1.77549,0.0017593,-2124,-2124,-2124,-2124,-2124,0,15,39,15,-39,-60,39,-60,-39,-0.0086504,0.0137447,-0.0162051,0.00278993,-0.00127601,0.00539372,-2124,5137,-14711,-446,-204,-720,130,117.192,,
81,91,58,91,159,200,58,200,159,-0.269085,1.54195,0.167558,-0.0272272,1.77549,0.0017593,-1006,-1006,-1006,-1006,-1006,0,31,38,31,-38,-45,38,-45,-38,-0.00409654,0.011311,-0.0128861,0.000509079,-0.000668653,-0.000218769,-1006,4228,-11698,-81,-107,29,130,108.388,,
85,107,50,107,152,214,50,214,152,-0.269085,1.54195,0.16534,-0.0272272,1.77549,0.0017593,-609,-609,-609,-609,-609,0,47,30,47,-45,-31,30,-31,-45,-0.00248145,0.0103951,-0.0106235,-0.000846095,0.000129015,-0.00253327,-609,3885,-9644,135,20,338,129,105.19,,
85,118,44,118,146,225,44,225,146,-0.269085,1.54195,0.164306,-0.0272272,1.77549,0.0017593,-621,-621,-621,-621,-621,0,58,24,58,-51,-20,24,-20,-51,-0.00252862,0.0103232,-0.0103096,-0.00103111,6.27916e-05,-0.00292969,-621,3858,-9359,165,10,391,130,108.89,,
94,116,35,116,137,219,35,219,137,-0.269085,1.54195,0.162864,-0.0272272,1.77549,0.0017593,-1147,-1147,-1147,-1147,-1147,0,56,15,56,-60,-26,15,-26,-60,-0.00467178,0.0142595,-0.0166949,0.000392796,-0.00188158,-0.00244579,-1147,5330,-15156,-62,-301,326,131,109.083,,
85,111,26,111,130,218,26,218,130,-0.269085,1.54195,0.160684,-0.0272272,1.77549,0.0017593,-744,-744,-744,-744,-744,0,51,6,51,-67,-27,6,-27,-67,-0.00303048,0.011354,-0.0125316,-9.026e-05,-0.00158617,-0.00254694,-744,4244,-11376,14,-254,340,128,106.099,,
85,111,26,111,130,218,26,218,130,-0.269085,1.55424,0.158983,-0.0272272,1.77549,0.0017593,-754,-754,-754,-754,-754,0,51,6,51,-67,-27,6,-27,-67,-0.00307134,0.011372,-0.0124194,-0.000131528,-0.00171759,-0.0025891,-754,4251,-11274,21,-275,345,129,106.099,,
85,106,29,106,132,213,29,213,132,-0.269085,1.55424,0.15769,-0.0272272,1.77549,0.0017593,-623,-623,-623,-623,-623,0,46,9,46,-65,-32,9,-32,-65,-0.00253717,0.0106128,-0.0107519,-0.000628805,-0.000889575,-0.00260544,-623,3967,-9760,100,-142,347,129,103.673,,
76,99,21,99,128,211,21,211,128,-0.269085,1.55424,0.155731,-0.0272272,1.77549,0.0017593,-471,-471,-471,-471,-471,0,39,1,39,-69,-34,1,-34,-69,-0.00191836,0.00810621,-0.00751127,-0.00070684,-0.000389997,-0.00186805,-471,3030,-6818,113,-62,249,129,100.588,,
96,97,26,97,133,199,26,199,133,-0.269085,1.55424,0.154216,-0.0272272,1.77549,0.0017593,324,324,324,324,324,0,37,6,37,-64,-46,6,-46,-64,0.00132071,0.0158483,-0.0244354,0.00116049,-0.00662123,-0.008208,324,5924,-22183,-185,-1060,1095,130,105.707,,
96,97,26,97,133,199,26,199,133,-0.269085,1.55424,0.153476,-0.0272272,1.77549,0.0017593,323,323,323,323,323,0,37,6,37,-64,-46,6,-46,-64,0.00131836,0.0158442,-0.0244274,0.00116621,-0.00662521,-0.00820812,323,5922,-22175,-186,-1061,1095,130,105.707,,
79,90,37,90,147,200,37,200,147,-0.269085,1.55424,0.150483,-0.0272272,1.77528,0.0017593,91,91,91,91,91,0,30,17,30,-50,-45,17,-45,-50,0.000372207,0.0084639,-0.0096339,-0.00089992,-0.00149382,-0.00465019,91,3163,-8745,144,-239,620,132,96.0052,,
83,84,54,84,157,192,54,192,157,-0.269085,1.55424,0.147045,-0.0272272,1.77528,0.0017593,-545,-545,-545,-545,-545,0,24,34,24,-40,-53,34,-53,-40,-0.00221891,0.00993225,-0.0101821,-0.000522063,6.76773e-05,-0.00168038,-545,3712,-9243,83,10,224,129,108.803,,
90,74,59,74,162,179,59,179,162,-0.269085,1.55424,0.146306,-0.0272272,1.77528,0.0017593,377,377,377,377,377,0,14,39,14,-35,-66,39,-66,-35,0.00153784,0.0087544,-0.0079624,-0.00202345,0.000989448,-0.00474334,377,3272,-7228,324,158,633,128,122.033,,
85,71,63,71,165,178,63,178,165,-0.269085,1.56609,0.144347,-0.0272272,1.77528,0.0017593,-553,-553,-553,-553,-553,0,11,43,11,-32,-67,43,-67,-32,-0.00225259,0.0104929,-0.0109443,-0.000377426,6.01044e-05,-0.00135699,-553,3922,-9935,60,9,181,129,125.662,,
96,68,59,68,157,170,59,170,157,-0.269085,1.56609,0.143054,-0.0272272,1.77507,0.0017593,-324,-324,-324,-324,-324,0,8,39,8,-40,-75,39,-75,-40,-0.00132276,0.0122147,-0.0122129,-0.000962022,0.000177704,-0.00266721,-324,4566,-11087,154,28,356,130,132.442,,
96,68,59,68,157,170,59,170,157,-0.269085,1.56609,0.141908,-0.0272272,1.77507,0.0017593,-325,-325,-325,-325,-325,0,8,39,8,-40,-75,39,-75,-40,-0.00132304,0.0122149,-0.0122132,-0.000959234,0.000177769,-0.00266799,-325,4566,-11087,153,28,356,129,132.442,,
79,69,63,69,164,179,63,179,164,-0.269085,1.56609,0.140319,-0.0272272,1.77507,0.0017593,-1674,-1674,-1674,-1674,-1674,0,9,43,9,-33,-66,43,-66,-33,-0.00681534,0.0127726,-0.0149265,0.00203962,-0.00151104,0.00342846,-1674,4774,-13550,-326,-242,-457,129,124.539,,
77,68,58,68,164,179,58,179,164,-0.269085,1.56609,0.138471,-0.0272272,1.77507,0.0017593,-398,-398,-398,-398,-398,0,8,38,8,-33,-66,38,-66,-33,-0.00162091,0.00851305,-0.00873718,-0.000368844,6.13997e-05,-0.00119573,-398,3182,-7931,59,9,159,129,119.419,,
79,69,63,69,165,179,63,179,165,-0.269085,1.56618,0.136253,-0.0272272,1.77507,0.0017593,-1346,-1346,-1346,-1346,-1346,0,9,43,9,-32,-66,43,-66,-32,-0.00547983,0.0118058,-0.0135343,0.00142022,-0.00113442,0.00219892,-1346,4413,-12286,-227,-181,-293,131,124.278,,
79,69,63,69,165,179,63,179,165,-0.269085,1.56618,0.135625,-0.0272272,1.77507,0.0017593,-1345,-1345,-1345,-1345,-1345,0,9,43,9,-32,-66,43,-66,-32,-0.00547813,0.0118038,-0.0135316,0.00141958,-0.00113501,0.00220128,-1345,4412,-12284,-227,-181,-293,128,124.278,,
85,69,61,69,166,176,61,176,166,-0.269085,1.56618,0.133998,-0.0272272,1.77507,0.0017593,442,442,442,442,442,0,9,41,9,-31,-69,41,-69,-31,0.00180221,0.00752965,-0.00654787,-0.00205738,0.00114607,-0.00463683,442,2814,-5944,329,183,619,128,125.252,,
83,69,64,69,167,177,64,177,167,-0.269085,1.56618,0.132003,-0.0272272,1.77486,0.0017593,-505,-505,-505,-505,-505,0,9,44,9,-30,-68,44,-68,-30,-0.00205709,0.00997382,-0.0104281,-0.000342071,9.12294e-05,-0.00128049,-505,3728,-9466,54,14,170,131,126.957,,
85,70,62,70,167,177,62,177,167,-0.269085,1.56618,0.130894,-0.0272272,1.77486,0.0017593,422,422,422,422,422,0,10,42,10,-30,-68,42,-68,-30,0.0017186,0.00751228,-0.00645793,-0.00207179,0.00125652,-0.00458984,422,2808,-5862,331,201,612,129,125.06,,
87,70,66,70,167,176,66,176,167,-0.269085,1.56618,0.130007,-0.0272272,1.77486,0.0017593,-589,-589,-589,-589,-589,0,10,46,10,-30,-69,46,-69,-30,-0.00240123,0.0110376,-0.0116227,-0.000329414,7.83771e-05,-0.00135195,-589,4125,-10551,52,12,180,129,130.269,,
85,70,64,70,169,177,64,177,169,-0.269085,1.58027,0.128787,-0.0272272,1.77486,0.0017593,432,432,432,432,432,0,10,44,10,-28,-68,44,-68,-28,0.00175865,0.00736431,-0.00607228,-0.00216059,0.00133356,-0.00447168,432,2752,-5512,346,213,596,129,126.649,,
85,70,64,70,169,177,64,177,169,-0.269085,1.58027,0.128085,-0.0272272,1.77486,0.0017593,431,431,431,431,431,0,10,44,10,-28,-68,44,-68,-28,0.00175727,0.00736593,-0.00607454,-0.0021582,0.00133414,-0.004474,431,2753,-5514,345,213,597,128,126.649,,
83,67,55,67,165,175,55,175,165,-0.269085,1.58027,0.126976,-0.0272272,1.77486,0.0017593,1629,1629,1629,1629,1629,0,7,35,7,-32,-70,35,-70,-32,0.00663211,0.00403119,-0.0020753,-0.00380888,0.00163156,-0.00866658,1629,1506,-1884,610,261,1157,130,120.818,,
74,67,58,67,166,180,58,180,166,-0.269085,1.58027,0.126089,-0.0272272,1.77486,0.0017593,-345,-345,-345,-345,-345,0,7,38,7,-31,-65,38,-65,-31,-0.00140449,0.00775743,-0.00784943,-0.00038038,-1.52294e-05,-0.00118463,-345,2899,-7125,60,-2,158,130,117.648,,
87,66,69,66,166,172,69,172,166,-0.269085,1.58027,0.125682,-0.0272272,1.77486,0.0017593,-2236,-2236,-2236,-2236,-2236,0,6,49,6,-31,-73,49,-73,-31,-0.00910251,0.016132,-0.0192561,0.00252619,-0.00218004,0.00381571,-2236,6030,-17481,-404,-349,-509,130,137.455,,
76,67,63,67,167,179,63,179,167,-0.269085,1.58027,0.124315,-0.0272272,1.77486,0.0017593,-1227,-1227,-1227,-1227,-1227,0,7,43,7,-30,-66,43,-66,-30,-0.00499686,0.0108872,-0.0123675,0.00135796,-0.00127476,0.00208922,-1227,4069,-11227,-217,-204,-278,130,123.519,,
74,66,67,66,167,179,67,179,167,-0.269085,1.58027,0.122578,-0.0272272,1.77486,0.0017593,-2694,-2694,-2694,-2694,-2694,0,6,47,6,-30,-66,47,-66,-30,-0.0109669,0.0154716,-0.019655,0.00471504,-0.00409002,0.00820306,-2694,5783,-17843,-755,-655,-1095,128,127.715,,
74,66,67,66,167,179,67,179,167,-0.269085,1.58027,0.120028,-0.0272272,1.77486,0.0017593,-2689,-2689,-2689,-2689,-2689,0,6,47,6,-30,-66,47,-66,-30,-0.0109502,0.0154522,-0.0196284,0.00470207,-0.00409656,0.00822811,-2689,5776,-17819,-753,-656,-1098,129,127.715,,
81,69,67,69,168,178,67,178,168,-0.269085,1.58027,0.11781,-0.0272272,1.77486,0.0017593,-1451,-1451,-1451,-1451,-1451,0,9,47,9,-29,-67,47,-67,-29,-0.00590689,0.0126794,-0.0147691,0.00156279,-0.00160439,0.00207748,-1451,4739,-13407,-250,-257,-277,130,128.872,,
83,69,70,69,168,177,70,177,168,-0.2781,1.59481,0.115555,-0.0272272,1.77465,0.0017593,-2364,-2364,-2364,-2364,-2364,0,9,50,9,-29,-68,50,-68,-29,-0.00962576,0.0160248,-0.0196613,0.00313189,-0.00321175,0.00421087,-2364,5990,-17849,-501,-514,-562,128,133.233,,
74,60,53,60,161,173,53,173,161,-0.280422,1.59571,0.112636,-0.0272272,1.77444,0.0017593,-340,-340,-340,-340,-340,0,0,33,0,-36,-72,33,-72,-36,-0.00138803,0.00773631,-0.00759727,-0.000373066,-0.000210812,-0.00113184,-340,2891,-6897,59,-33,151,132,122.192,,
72,59,54,59,166,173,54,173,166,-0.280695,1.59571,0.110935,-0.0272272,1.77423,0.0017593,470,470,470,470,470,0,-1,34,-1,-31,-72,34,-72,-31,0.0019169,0.00521331,-0.00450435,-0.0018215,0.000572063,-0.00442661,470,1948,-4089,291,91,590,130,121.651,,
72,59,54,59,166,173,54,173,166,-0.280832,1.59571,0.109864,-0.0272272,1.77402,0.0017593,470,470,470,470,470,0,-1,34,-1,-31,-72,34,-72,-31,0.00191339,0.00521627,-0.00450785,-0.00181751,0.000572429,-0.00443098,470,1949,-4092,291,91,591,131,121.651,,
77,60,55,60,167,171,55,171,167,-0.280832,1.59571,0.10905,-0.0272272,1.77381,0.0017593,1330,1330,1330,1330,1330,0,0,35,0,-30,-74,35,-74,-30,0.00541447,0.00377737,-0.00221539,-0.00334925,0.00139862,-0.00777334,1330,1412,-2011,536,224,1037,127,124.607,,
74,59,60,59,167,172,60,172,167,-0.280832,1.59571,0.108385,-0.0272272,1.7736,0.0017593,-629,-629,-629,-629,-629,0,-1,40,-1,-30,-73,40,-73,-30,-0.00256381,0.00859951,-0.00891849,0.000202698,-0.000456372,5.3224e-05,-629,3214,-8096,-32,-73,-7,130,127.906,,
74,60,55,60,167,173,55,173,167,-0.280832,1.59571,0.107979,-0.0272272,1.7736,0.0017593,728,728,728,728,728,0,0,35,0,-30,-72,35,-72,-30,0.00296669,0.00478789,-0.00377026,-0.00232682,0.000914531,-0.00550161,728,1789,-3422,372,146,734,129,122.242,,
74,60,55,60,167,173,55,173,167,-0.280832,1.59571,0.10687,-0.0272272,1.7734,0.0017593,727,727,727,727,727,0,0,35,0,-30,-72,35,-72,-30,0.00296306,0.00479106,-0.00377426,-0.00232119,0.000915234,-0.00550644,727,1790,-3426,371,146,735,130,122.242,,
74,59,57,59,167,172,57,172,167,-0.280832,1.59571,0.1065,-0.0272272,1.7734,0.0017593,220,220,220,220,220,0,-1,37,-1,-30,-73,37,-73,-30,0.000897055,0.00618569,-0.00561734,-0.00138846,0.0004622,-0.00338983,220,2312,-5099,222,74,452,130,125.168,,
76,60,57,60,168,172,57,172,168,-0.280832,1.59571,0.106131,-0.0272272,1.7734,0.0017593,760,760,760,760,760,0,0,37,0,-29,-73,37,-73,-29,0.00309554,0.00497993,-0.00381948,-0.00240657,0.00107897,-0.00555754,760,1861,-3467,385,172,741,128,124.924,,
77,60,56,60,168,171,56,171,168,-0.280832,1.59571,0.105539,-0.0272272,1.7734,0.0017593,1326,1326,1326,1326,1326,0,0,36,0,-29,-74,36,-74,-29,0.00539854,0.00369959,-0.00202483,-0.00337858,0.00156473,-0.00775384,1326,1382,-1838,541,250,1035,130,125.224,,
76,59,61,59,167,171,61,171,167,-0.280832,1.59571,0.105207,-0.0272272,1.7734,0.0017593,-676,-676,-676,-676,-676,0,-1,41,-1,-30,-74,41,-74,-30,-0.00275406,0.00907818,-0.00944857,0.000224523,-0.000485542,6.29734e-05,-676,3393,-8577,-35,-77,-8,129,129.988,,
81,60,60,60,168,169,60,169,168,-0.280832,1.59571,0.104911,-0.0272272,1.7734,0.0017593,855,855,855,855,855,0,0,40,0,-29,-76,40,-76,-29,0.00348351,0.00569446,-0.00430101,-0.00257377,0.00123272,-0.00581427,855,2128,-3904,412,197,776,130,131.122,,
81,60,60,60,168,169,60,169,168,-0.280832,1.60666,0.103322,-0.0272272,1.7734,0.0017593,872,872,872,872,872,0,0,40,0,-29,-76,40,-76,-29,0.00355249,0.00563648,-0.00417356,-0.00259996,0.0011655,-0.00572896,872,2106,-3788,416,186,764,129,131.122,,
74,59,61,59,170,172,61,172,170,-0.280832,1.60702,0.102878,-0.0272272,1.7734,0.0017593,-53,-53,-53,-53,-53,0,-1,41,-1,-27,-73,41,-73,-27,-0.000219426,0.00690537,-0.0065172,-0.000921874,0.000235159,-0.00224196,-53,2581,-5916,147,37,299,130,128.187,,
72,59,65,59,170,173,65,173,170,-0.280832,1.60702,0.102176,-0.0272272,1.7734,0.0017593,-1484,-1484,-1484,-1484,-1484,0,-1,45,-1,-27,-72,45,-72,-27,-0.00604215,0.0110198,-0.0126064,0.00206316,-0.00202348,0.00349008,-1484,4119,-11444,-330,-324,-465,130,131.05,,
68,58,56,58,168,174,56,174,168,-0.280832,1.60702,0.101178,-0.0272272,1.7734,0.0017593,-11,-11,-11,-11,-11,0,-2,36,-2,-29,-71,36,-71,-29,-4.77118e-05,0.00585629,-0.00550068,-0.000866247,0.000148081,-0.00217295,-11,2189,-4993,138,23,290,129,121.733,,
68,58,56,58,168,174,56,174,168,-0.280832,1.60702,0.100032,-0.0272272,1.7734,0.0017593,-11,-11,-11,-11,-11,0,-2,36,-2,-29,-71,36,-71,-29,-4.84332e-05,0.00585709,-0.00550169,-0.00086416,0.00014825,-0.00217418,-11,2189,-4994,138,23,290,130,121.733,,
74,58,58,58,167,171,58,171,167,-0.280832,1.60702,0.0991821,-0.0272272,1.7734,0.0017593,-46,-46,-46,-46,-46,0,-2,38,-2,-30,-74,38,-74,-30,-0.00019072,0.0069342,-0.00655332,-0.000887556,0.00010949,-0.0022599,-46,2592,-5949,142,17,301,129,127.248,,
113,59,73,59,163,154,73,154,163,-0.280832,1.60702,0.0984429,-0.0272272,1.7734,0.0017593,-1387,-1387,-1387,-1387,-1387,0,-1,53,-1,-34,-91,53,-91,-34,-0.00564675,0.0192695,-0.0199212,-0.000292302,-0.000686662,-0.00175851,-1387,7203,-18085,46,-110,234,128,161.7,,
96,92,89,92,194,194,89,194,194,-0.280832,1.60702,0.0970015,-0.0272272,1.7734,0.0017593,898,898,898,898,898,0,32,69,32,-3,-51,69,-51,-3,0.00365925,0.00282929,0.00816992,-0.00679303,0.00872344,-0.00433007,898,1057,7416,1088,1397,578,126,146.772,,
96,92,89,92,194,194,89,194,194,-0.280832,1.60702,0.0970015,-0.0272272,1.7734,0.0017593,898,898,898,898,898,0,32,69,32,-3,-51,69,-51,-3,0.00365925,0.00282929,0.00816992,-0.00679303,0.00872344,-0.00433007,898,1057,7416,1088,1397,578,129,146.772,,
110,108,105,108,208,204,105,204,208,-0.280832,1.60702,0.0970015,-0.0274366,1.7734,0.0017593,228,228,228,228,228,0,48,85,48,11,-41,85,-41,11,0.000930456,0.000566263,0.0243464,-0.0115552,0.0145691,-0.000887614,228,211,22102,1851,2334,118,131,172.528,,
98,110,122,110,208,211,122,211,208,-0.280832,1.60702,0.0970015,-0.0274366,1.7734,0.0017593,-1781,-1781,-1781,-1781,-1781,0,50,102,50,11,-34,102,-34,11,-0.0072541,0.031677,-0.060709,0.0105064,-0.0177855,-0.0090477,-1781,11841,-55113,-1683,-2849,1207,130,196.583,,
94,110,124,110,208,213,124,213,208,-0.280832,1.61465,0.0970384,-0.0274366,1.7734,0.0017593,-1926,-1926,-1926,-1926,-1926,0,50,104,50,11,-32,104,-32,11,-0.0078418,0.0370571,-0.0749392,0.0147292,-0.0262403,-0.0113761,-1926,13852,-68032,-2359,-4203,1518,126,199.04,,
94,104,121,104,208,207,121,207,208,-0.280832,1.61465,0.0970384,-0.0274366,1.77319,0.0017593,-2261,-2261,-2261,-2261,-2261,0,44,101,44,11,-38,101,-38,11,-0.00920444,0.0321279,-0.0608539,0.0112632,-0.0196342,-0.0071823,-2261,12009,-55245,-1804,-3145,958,129,193.608,,
94,104,121,104,208,207,121,207,208,-0.280832,1.61465,0.0970384,-0.0274366,1.77319,0.0017593,-2261,-2261,-2261,-2261,-2261,0,44,101,44,11,-38,101,-38,11,-0.00920444,0.0321279,-0.0608539,0.0112632,-0.0196342,-0.0071823,-2261,12009,-55245,-1804,-3145,958,129,193.608,,
92,96,122,96,208,200,122,200,208,-0.280832,1.61465,0.0926032,-0.0274366,1.77256,0.0017593,-3296,-3296,-3296,-3296,-3296,0,36,102,36,11,-45,102,-45,11,-0.0134213,0.0358136,-0.0680972,0.0139443,-0.023569,-0.00425109,-3296,13387,-61820,-2233,-3775,567,130,194.872,,
94,83,124,83,208,186,124,186,208,-0.280832,1.62336,0.0840655,-0.0274366,1.77046,0.0017593,-5227,-5227,-5227,-5227,-5227,0,23,104,23,11,-59,104,-59,11,-0.0212818,0.0411531,-0.0758095,0.0159848,-0.0252008,0.00118571,-5227,15383,-68822,-2560,-4037,-158,130,201.467,,
96,81,127,81,208,183,127,183,208,-0.280832,1.63332,0.075269,-0.0272272,1.76816,0.0017593,-6589,-6589,-6589,-6589,-6589,0,21,107,21,11,-62,107,-62,11,-0.0268256,0.0482313,-0.0899157,0.019286,-0.0302212,0.0022695,-6589,18029,-81628,-3089,-4841,-302,128,207.456,,
96,81,127,81,208,183,127,183,208,-0.282471,1.63898,0.0645506,-0.0272272,1.76544,0.0017593,-6623,-6623,-6623,-6623,-6623,0,21,107,21,11,-62,107,-62,11,-0.026963,0.0481018,-0.0893333,0.0193622,-0.0306451,0.00222251,-6623,17981,-81099,-3101,-4909,-296,130,207.456,,
90,92,130,92,208,197,130,197,208,-0.288071,1.64661,0.0500623,-0.0268083,1.76062,0.00150797,-6182,-6182,-6182,-6182,-6182,0,32,110,32,11,-48,110,-48,11,-0.0251701,0.0557596,-0.11115,0.0277139,-0.0478852,-0.00349544,-6182,20843,-100905,-4439,-7671,466,127,207.55,,
90,92,130,92,208,197,130,197,208,-0.289027,1.64939,0.0406005,-0.0263894,1.75999,0.00150797,-6198,-6198,-6198,-6198,-6198,0,32,110,32,11,-48,110,-48,11,-0.0252329,0.0554647,-0.110462,0.0278576,-0.0482461,-0.00338803,-6198,20733,-100281,-4462,-7729,452,129,207.55,,
90,92,131,92,208,197,131,197,208,-0.29012,1.64939,0.0284407,-0.0236667,1.75622,0.00150797,-6494,-6494,-6494,-6494,-6494,0,32,111,32,11,-48,111,-48,11,-0.0264378,0.0574485,-0.115289,0.0298756,-0.0517674,-0.00318091,-6494,21475,-104662,-4786,-8293,424,131,209.141,,
94,92,135,92,208,195,135,195,208,-0.295857,1.66348,0.0133979,-0.0203157,1.74952,0.00150797,-8133,-8133,-8133,-8133,-8133,0,32,115,32,11,-50,115,-50,11,-0.0331105,0.0680172,-0.138484,0.0362145,-0.0604932,-0.00450272,-8133,25425,-125720,-5801,-9691,601,130,216.435,,
92,92,138,92,208,196,138,196,208,-0.303642,1.66976,-0.00201439,-0.0163363,1.74135,0.00150797,-9318,-9318,-9318,-9318,-9318,0,32,118,32,11,-49,118,-49,11,-0.0379363,0.0771487,-0.158624,0.0447968,-0.0751503,-0.00548399,-9318,28839,-144003,-7176,-12039,732,128,220.778,,
96,90,138,90,208,192,138,192,208,-0.306374,1.68071,-0.0201248,-0.0115192,1.73235,0.00125664,-10162,-10162,-10162,-10162,-10162,0,30,118,30,11,-53,118,-53,11,-0.0413719,0.0769122,-0.155861,0.043017,-0.0703217,-0.00407297,-10162,28750,-141495,-6891,-11265,543,129,222.061,,
77,81,141,81,208,192,141,192,208,-0.317985,1.69912,-0.0981843,-0.00251328,1.72041,0.00100531,-12683,-12683,-12683,-12683,-12683,0,21,121,21,11,-53,121,-53,11,-0.0516334,0.0871222,-0.164099,0.0596204,-0.11447,0.0100899,-12683,32567,-148974,-9551,-18338,-1347,127,224.82,,
77,81,141,81,208,192,141,192,208,-0.317985,1.69912,-0.0981843,-0.00230384,1.7202,0.00100531,-12682,-12682,-12682,-12682,-12682,0,21,121,21,11,-53,121,-53,11,-0.0516295,0.0871263,-0.164087,0.0596153,-0.114488,0.0100693,-12682,32568,-148963,-9550,-18341,-1344,129,224.82,,
87,86,134,86,207,192,134,192,207,-0.319897,1.701,-0.102656,0.00439824,1.70931,0.000502656,-9656,-9656,-9656,-9656,-9656,0,26,114,26,10,-53,114,-53,10,-0.0393097,0.0671959,-0.128102,0.0420287,-0.0751337,0.00159865,-9656,25118,-116294,-6733,-12036,-213,128,214.611,,
70,75,103,75,208,190,103,190,208,-0.333283,1.71707,-0.10894,0.0106814,1.69423,0.000251328,-1475,-1475,-1475,-1475,-1475,0,15,83,15,11,-55,83,-55,11,-0.00600831,0.0129533,-0.0167822,0.00366299,-0.00789226,-0.000145826,-1475,4842,-15235,-586,-1264,19,128,165.191,,
52,56,64,56,176,182,64,182,176,-0.335878,1.72577,-0.118993,0.0173835,1.68501,0.000251328,-1654,-1654,-1654,-1654,-1654,0,-4,44,-4,-21,-63,44,-63,-21,-0.00673649,0.00927579,-0.0101129,0.00312062,-0.00595901,0.00739388,-1654,3467,-9180,-499,-954,-987,128,119.243,,
52,56,64,56,176,182,64,182,176,-0.336971,1.72865,-0.126422,0.0184307,1.68313,0.000251328,-1653,-1653,-1653,-1653,-1653,0,-4,44,-4,-21,-63,44,-63,-21,-0.00673275,0.00927518,-0.0100721,0.00308081,-0.00600499,0.00739921,-1653,3467,-9143,-493,-962,-987,128,119.243,,
128,62,68,62,144,151,68,151,144,-0.337654,1.72865,-0.131153,0.0192685,1.68229,0.000251328,-13227,-13227,-13227,-13227,-13227,0,2,48,2,-53,-94,48,-94,-53,-0.0538463,0.0486785,-0.0456684,0.0027268,-0.00962368,0.00613438,-13227,18196,-41459,-436,-1541,-818,127,165.532,,
128,62,68,62,144,151,68,151,144,-0.338473,1.72865,-0.1313,0.0192685,1.68208,0.000251328,-13228,-13228,-13228,-13228,-13228,0,2,48,2,-53,-94,48,-94,-53,-0.0538526,0.0486473,-0.0456413,0.00272906,-0.00961796,0.00612819,-13228,18185,-41434,-437,-1540,-818,129,165.532,,
195,68,54,68,109,135,54,135,109,-0.350084,1.74094,-0.138101,0.0196874,1.68082,0.000251328,23691,23691,23691,23691,23691,0,8,34,8,-88,-110,34,-110,-88,-0.170348,0.116546,-0.0522006,-0.0172415,-0.022864,-0.0363897,-41845,43566,-47389,2762,-3662,4858,127,188.521,,
47,29,10,29,130,159,10,159,130,-0.359508,1.74094,-0.139321,0.0198968,1.67978,0.000251328,-644,-644,-644,-644,-644,0,-31,-10,-31,-67,-86,-10,-86,-67,-0.00262557,0.00338527,-0.00150553,-0.000287446,0.00127618,0.00490699,-644,1265,-1366,46,204,-655,128,146.639,,
47,29,10,29,130,159,10,159,130,-0.359508,1.74094,-0.139321,0.0198968,1.67978,0.000251328,-644,-644,-644,-644,-644,0,-31,-10,-31,-67,-86,-10,-86,-67,-0.00262557,0.00338527,-0.00150553,-0.000287446,0.00127618,0.00490699,-644,1265,-1366,46,204,-655,129,146.639,,
48,26,18,26,135,155,18,155,135,-0.359508,1.74094,-0.139321,0.0198968,1.67978,0.000251328,-1015,-1015,-1015,-1015,-1015,0,-34,-2,-34,-62,-90,-2,-90,-62,-0.00413273,0.00412928,-0.0019772,-3.7913e-05,0.00159217,0.00797549,-1015,1543,-1794,6,255,-1064,128,149.559,,
48,38,3,38,124,167,3,167,124,-0.359508,1.74094,-0.139358,0.0198968,1.67978,0.000251328,-409,-409,-409,-409,-409,0,-22,-17,-22,-73,-78,-17,-78,-73,-0.00166739,0.00330628,-0.00162318,-0.000407117,0.00056471,0.00214584,-409,1235,-1473,65,90,-286,126,139.04,,
48,38,3,38,124,167,3,167,124,-0.359508,1.74094,-0.139358,0.0198968,1.67978,0.000251328,-409,-409,-409,-409,-409,0,-22,-17,-22,-73,-78,-17,-78,-73,-0.00166739,0.00330628,-0.00162318,-0.000407117,0.00056471,0.00214584,-409,1235,-1473,65,90,-286,127,139.04,,
41,8,14,8,137,143,14,143,137,-0.359508,1.74094,-0.139506,0.0198968,1.67978,0.000251328,-715,-715,-715,-715,-715,0,-52,-6,-52,-60,-102,-6,-102,-60,-0.00291328,0.00307103,-0.00154891,0.000235636,0.00120604,0.00742561,-715,1147,-1406,-37,193,-991,126,172.986,,
41,8,14,8,137,143,14,143,137,-0.359508,1.74094,-0.139653,0.0198968,1.67978,0.000251328,-715,-715,-715,-715,-715,0,-52,-6,-52,-60,-102,-6,-102,-60,-0.00291272,0.00307089,-0.00154892,0.000234619,0.00120618,0.00742609,-715,1147,-1406,-37,193,-991,129,172.986,,
