0,0,0,0,0,0,
0,0,0,65535,0,0,
65530,2,1,65535,2,0,
65534,0,3,65535,0,0,
0,65535,7,0,0,0,
0,65535,6,0,0,0,
0,0,3,0,0,0,
0,0,2,0,1,65535,
65530,65534,2,0,3,65535,
0,0,0,0,0,0,
0,0,0,0,0,0,
0,0,0,0,0,0,
0,0,0,0,0,0,
0,4,65534,0,65533,0,
0,0,0,0,1,0,
0,65533,6,2,1,65535,
0,0,0,0,0,0,
0,0,0,0,0,0,
0,0,0,0,0,0,
0,0,0,0,0,0,
0,0,0,0,0,0,
65535,0,0,0,2,0,
0,0,2,0,0,65535,
0,0,0,0,0,0,
0,0,0,0,0,0,
0,0,0,0,0,0,
0,0,0,0,0,0,
65535,0,0,0,0,0,
0,0,0,0,0,0,
65534,0,0,0,0,0,
0,4,65533,0,65533,65535,
0,0,65535,0,0,0,
65535,1,0,0,0,0,
65535,0,0,0,0,0,
65535,1,0,0,1,0,
65535,0,1,0,0,0,
65535,0,1,0,0,0,
0,0,0,0,0,0,
0,0,2,0,0,0,
0,0,0,1,0,0,
0,0,0,0,0,0,
0,0,0,0,0,0,
0,0,0,0,0,0,
0,0,0,0,0,65535,
0,0,65535,0,0,0,
0,0,65535,0,65535,0,
1,0,0,0,0,0,
0,0,0,1,0,0,
0,0,2,0,0,0,
0,0,0,0,0,0,
0,0,0,0,0,0,
0,0,65535,0,0,0,
0,0,0,0,0,0,
0,0,0,0,0,0,
0,0,0,0,0,0,
0,0,2,0,1,0,
0,65534,6,0,1,0,
0,0,8,0,1,0,
65533,65535,6,0,1,0,
0,65535,5,0,1,0,
0,0,4,0,0,0,
65535,0,4,0,1,0,
65534,65535,7,0,1,0,
65534,0,6,65534,2,0,
65530,0,9,65532,4,2,
65532,1,7,65534,3,1,
65535,0,6,0,0,0,
0,65532,6,2,0,65533,
0,0,2,1,0,0,
0,65535,0,1,0,65535,
2,0,0,0,65535,0,
1,65535,0,0,0,65535,
1,0,1,0,0,65535,
1,0,1,1,0,65535,
1,65535,0,0,65535,65535,
1,65535,1,0,0,65535,
2,65534,1,1,65535,65535,
4,65533,2,3,65533,65534,
8,65531,2,4,65533,65533,
1,0,0,0,65535,0,
0,0,0,1,65535,0,
1,0,65535,0,65535,0,
0,0,0,0,0,0,
0,0,2,0,0,0,
65535,0,1,0,0,0,
0,0,1,0,1,0,
65535,0,1,0,0,0,
0,0,0,0,0,0,
0,0,0,0,0,0,
65535,0,0,0,1,0,
65534,0,4,0,1,0,
65535,0,5,0,0,0,
65535,0,1,0,2,0,
0,2,0,0,0,0,
0,3,65534,0,0,0,
65532,0,0,0,2,1,
65529,2,1,65535,0,0,
0,0,0,0,0,0,
0,0,0,0,0,0,
65531,5,65530,65534,65533,0,
0,3,65526,0,65533,0,
0,0,65526,2,65533,65535,
0,0,0,0,0,0,
1,0,65534,2,65535,1,
4,65534,65533,3,0,0,
3,0,65535,1,65535,0,
0,2,65535,0,0,0,
2,0,65535,0,0,0,
0,3,65535,65533,1,65535,
65528,2,65535,65535,0,0,
0,0,0,2,0,0,
0,0,0,0,0,0,
0,0,0,1,0,0,
0,0,0,0,0,0,
0,0,1,0,0,0,
0,65535,0,1,0,0,
0,65535,0,1,0,0,
2,65535,1,1,65535,0,
0,65535,1,0,0,0,
2,65534,0,3,65535,2,
7,65531,0,6,65534,3,
8,65529,65530,8,65534,4,
4,65534,65531,4,65535,0,
0,0,65534,0,0,1,
0,0,65534,0,0,1,
0,0,0,0,0,0,
0,0,65535,0,0,0,
0,2,65533,1,0,0,
0,4,65533,0,0,0,
0,0,0,0,0,0,
0,0,0,0,0,0,
0,0,0,0,0,0,
0,0,0,0,0,0,
0,0,0,0,0,0,
0,0,0,0,0,0,
0,0,0,0,0,0,
0,0,0,0,0,0,
0,0,0,0,0,0,
0,0,65535,0,0,0,
0,1,65535,0,0,0,
0,0,65534,0,0,0,
0,0,65533,0,0,0,
0,1,65535,0,0,0,
0,1,65533,0,0,0,
0,1,65531,0,0,1,
0,2,65529,0,0,1,
0,1,65529,0,0,1,
0,0,65531,0,0,0,
0,0,0,0,0,1,
0,0,65534,0,0,0,
0,0,65535,0,0,0,
0,0,65535,0,0,0,
0,0,65535,0,0,0,
0,0,0,0,0,0,
0,0,65533,0,0,0,
1,0,65535,0,0,0,
2,65535,0,0,0,2,
0,0,0,0,0,1,
0,0,0,0,0,1,
0,0,0,0,0,0,
0,0,0,0,0,0,
0,0,0,0,0,0,
0,0,0,0,0,1,
0,0,0,0,0,0,
0,0,0,0,0,0,
0,0,65535,0,0,0,
0,2,65532,0,0,0,
65533,2,65534,0,0,65535,
0,0,0,0,0,0,
0,0,0,0,0,0,
0,0,0,0,0,0,
0,0,0,0,0,0,
0,0,0,0,0,0,
0,0,0,0,0,0,
0,0,0,0,0,0,
0,0,0,0,0,0,
0,0,0,0,0,1,
0,0,0,0,0,0,
0,0,0,0,0,0,
0,0,0,0,0,0,
